date,ticker,price,volume,market_cap_billions,pe_ratio,dividend_yield
2023-01-02,AAPL,182.23,70203234,2915.6,30.3,0.0174
2023-01-02,MSFT,371.62,31158695,2774.8,34.3,0.0122
2023-01-02,NVDA,490.39,62789440,1226.0,26.7,0.0188
2023-01-02,GOOGL,141.25,52589951,1816.0,24.1,0.0144
2023-01-02,AMZN,183.3,76754166,1882.5,25.6,0.0103
2023-01-02,META,488.24,68584401,1195.7,22.7,0.0121
2023-01-02,TSLA,255.59,30582437,834.6,29.2,0.0135
2023-01-03,AAPL,184.3,55334231,2948.9,30.8,0.01
2023-01-03,MSFT,373.96,61761891,2792.3,35.1,0.0137
2023-01-03,NVDA,496.18,46774775,1240.4,23.8,0.0159
2023-01-03,GOOGL,141.27,62247414,1816.3,24.7,0.0198
2023-01-03,AMZN,184.91,58408049,1899.1,21.7,0.0191
2023-01-03,META,498.51,28624593,1220.8,34.2,0.0136
2023-01-03,TSLA,255.6,49268263,834.6,30.5,0.0163
2023-01-04,AAPL,181.37,20512124,2902.0,26.0,0.0168
2023-01-04,MSFT,372.03,77070228,2777.9,32.9,0.0157
2023-01-04,NVDA,489.63,48918109,1224.1,33.7,0.0125
2023-01-04,GOOGL,141.79,48594441,1823.0,29.8,0.003
2023-01-04,AMZN,189.83,29531981,1949.6,36.5,0.0169
2023-01-04,META,488.54,33499275,1196.4,22.5,0.0066
2023-01-04,TSLA,255.71,48903496,835.0,34.0,0.0168
2023-01-05,AAPL,183.34,69049598,2933.4,21.8,0.0195
2023-01-05,MSFT,370.64,71633468,2767.4,30.9,0.0046
2023-01-05,NVDA,496.45,53287567,1241.1,27.2,0.0107
2023-01-05,GOOGL,144.05,68233101,1852.0,18.3,0.0034
2023-01-05,AMZN,190.97,52029574,1961.3,25.6,0.0022
2023-01-05,META,489.66,77473924,1199.2,29.6,0.0104
2023-01-05,TSLA,255.67,74053165,834.8,29.5,0.0048
2023-01-06,AAPL,184.95,53300226,2959.3,26.9,0.001
2023-01-06,MSFT,366.83,27939032,2739.0,28.8,0.0094
2023-01-06,NVDA,524.67,42294786,1311.7,20.6,0.007
2023-01-06,GOOGL,143.88,29516087,1849.9,27.9,0.0193
2023-01-06,AMZN,192.12,75851793,1973.1,29.9,0.0066
2023-01-06,META,492.92,56960835,1207.1,33.2,0.0124
2023-01-06,TSLA,260.87,35850000,851.8,36.3,0.012
2023-01-09,AAPL,180.27,24346100,2884.4,21.0,0.0051
2023-01-09,MSFT,365.43,28291929,2728.5,22.8,0.0007
2023-01-09,NVDA,545.62,68081852,1364.1,29.7,0.0002
2023-01-09,GOOGL,146.22,72862799,1879.9,27.2,0.012
2023-01-09,AMZN,190.58,34317121,1957.3,27.5,0.0019
2023-01-09,META,505.07,38103199,1236.9,33.2,0.002
2023-01-09,TSLA,264.06,29347330,862.2,30.6,0.0119
2023-01-10,AAPL,180.29,44950733,2884.7,26.6,0.0151
2023-01-10,MSFT,368.07,23677002,2748.2,23.1,0.0186
2023-01-10,NVDA,546.92,55303036,1367.3,21.3,0.0083
2023-01-10,GOOGL,148.49,65580111,1909.2,19.1,0.02
2023-01-10,AMZN,185.53,32450666,1905.4,27.3,0.0143
2023-01-10,META,497.83,67821126,1219.2,27.1,0.0013
2023-01-10,TSLA,261.94,76158590,855.3,29.5,0.0
2023-01-11,AAPL,180.14,34010538,2882.2,33.8,0.0179
2023-01-11,MSFT,365.35,38607630,2727.9,32.0,0.0055
2023-01-11,NVDA,531.03,59715842,1327.6,24.3,0.0032
2023-01-11,GOOGL,144.17,73485138,1853.6,22.3,0.0167
2023-01-11,AMZN,187.06,56709946,1921.1,24.2,0.0194
2023-01-11,META,492.61,64718811,1206.4,36.0,0.0098
2023-01-11,TSLA,257.09,64487017,839.5,25.6,0.0199
2023-01-12,AAPL,176.2,23847628,2819.3,23.2,0.0089
2023-01-12,MSFT,366.46,71302043,2736.3,30.8,0.0189
2023-01-12,NVDA,536.65,26943171,1341.6,32.5,0.0042
2023-01-12,GOOGL,141.75,53258064,1822.5,30.2,0.0059
2023-01-12,AMZN,190.28,27829482,1954.3,28.2,0.0021
2023-01-12,META,495.55,28041410,1213.6,26.5,0.0198
2023-01-12,TSLA,258.59,29505576,844.4,34.7,0.0184
2023-01-13,AAPL,179.24,46210989,2867.8,33.3,0.0034
2023-01-13,MSFT,357.79,29028678,2671.5,30.1,0.004
2023-01-13,NVDA,558.45,51578957,1396.1,33.3,0.0051
2023-01-13,GOOGL,141.7,42677015,1821.8,20.9,0.0132
2023-01-13,AMZN,187.81,74192724,1928.8,24.8,0.0144
2023-01-13,META,494.36,77581246,1210.7,29.7,0.0038
2023-01-13,TSLA,262.11,60064841,855.9,31.5,0.0194
2023-01-16,AAPL,180.68,27096694,2890.9,19.2,0.0001
2023-01-16,MSFT,349.06,66425958,2606.3,26.3,0.0018
2023-01-16,NVDA,556.47,42924818,1391.2,22.5,0.012
2023-01-16,GOOGL,143.54,47081825,1845.5,26.5,0.0025
2023-01-16,AMZN,185.34,71385870,1903.5,17.3,0.0045
2023-01-16,META,496.68,57981640,1216.4,25.8,0.0081
2023-01-16,TSLA,263.14,30483088,859.2,28.2,0.0086
2023-01-17,AAPL,181.94,59790395,2911.0,30.5,0.019
2023-01-17,MSFT,353.52,75700651,2639.6,26.6,0.0063
2023-01-17,NVDA,563.51,74787498,1408.8,28.0,0.0028
2023-01-17,GOOGL,146.07,59304002,1878.0,29.1,0.0149
2023-01-17,AMZN,183.6,71691190,1885.6,33.3,0.0068
2023-01-17,META,506.42,66146868,1240.2,30.8,0.003
2023-01-17,TSLA,266.33,60961142,869.7,27.7,0.0129
2023-01-18,AAPL,179.32,23172898,2869.1,29.5,0.0121
2023-01-18,MSFT,348.34,39449892,2600.9,26.6,0.0165
2023-01-18,NVDA,554.63,30374775,1386.6,29.7,0.0005
2023-01-18,GOOGL,143.7,31702859,1847.6,35.8,0.0023
2023-01-18,AMZN,183.43,78291517,1883.8,25.4,0.008
2023-01-18,META,512.12,79062605,1254.2,38.5,0.0021
2023-01-18,TSLA,267.1,22576411,872.2,38.9,0.0075
2023-01-19,AAPL,179.01,31774946,2864.2,24.4,0.0195
2023-01-19,MSFT,357.24,29225852,2667.4,23.0,0.0015
2023-01-19,NVDA,561.2,29462932,1403.0,33.1,0.0123
2023-01-19,GOOGL,143.31,21769665,1842.5,28.8,0.0148
2023-01-19,AMZN,185.74,43273202,1907.6,27.4,0.0079
2023-01-19,META,524.32,47966718,1284.0,25.3,0.0177
2023-01-19,TSLA,262.15,49355124,856.0,23.8,0.0185
2023-01-20,AAPL,179.04,66651529,2864.7,28.4,0.0088
2023-01-20,MSFT,357.77,22035010,2671.3,26.1,0.0028
2023-01-20,NVDA,558.19,68147385,1395.5,20.7,0.0044
2023-01-20,GOOGL,142.12,23663559,1827.3,22.5,0.0045
2023-01-20,AMZN,189.55,59096772,1946.7,21.2,0.0071
2023-01-20,META,515.74,62902588,1263.0,26.0,0.0011
2023-01-20,TSLA,262.27,56481208,856.4,27.2,0.0063
2023-01-23,AAPL,182.17,75258979,2914.8,30.8,0.0137
2023-01-23,MSFT,372.12,54541983,2778.5,34.4,0.0076
2023-01-23,NVDA,549.21,73803409,1373.0,32.3,0.0007
2023-01-23,GOOGL,143.32,73994091,1842.7,29.2,0.0036
2023-01-23,AMZN,190.47,20660975,1956.2,26.1,0.0128
2023-01-23,META,522.26,72086121,1279.0,29.9,0.0062
2023-01-23,TSLA,261.53,48216447,854.0,29.3,0.0168
2023-01-24,AAPL,178.03,29672607,2848.5,22.9,0.01
2023-01-24,MSFT,362.44,34135763,2706.2,23.7,0.013
2023-01-24,NVDA,541.07,32071416,1352.7,26.0,0.0119
2023-01-24,GOOGL,141.71,41933290,1821.9,30.7,0.0059
2023-01-24,AMZN,189.96,49983956,1950.9,30.1,0.0137
2023-01-24,META,530.94,40735239,1300.3,24.2,0.0034
2023-01-24,TSLA,261.72,60366780,854.6,32.3,0.0039
2023-01-25,AAPL,183.54,72935968,2936.7,24.6,0.0159
2023-01-25,MSFT,362.07,51031169,2703.5,30.7,0.0019
2023-01-25,NVDA,541.66,22480718,1354.1,32.1,0.0153
2023-01-25,GOOGL,138.83,68355085,1784.9,28.1,0.0189
2023-01-25,AMZN,190.19,45277851,1953.3,27.6,0.0121
2023-01-25,META,521.68,78136137,1277.6,28.3,0.0047
2023-01-25,TSLA,263.21,70256320,859.5,30.4,0.0026
2023-01-26,AAPL,187.46,41507937,2999.4,25.5,0.0087
2023-01-26,MSFT,366.43,30290007,2736.0,26.8,0.006
2023-01-26,NVDA,533.87,62132507,1334.7,30.9,0.0009
2023-01-26,GOOGL,139.42,30118825,1792.5,26.5,0.0044
2023-01-26,AMZN,193.07,56395096,1982.9,26.0,0.0173
2023-01-26,META,521.99,22022878,1278.3,31.2,0.0148
2023-01-26,TSLA,259.84,50135498,848.4,34.7,0.0027
2023-01-27,AAPL,189.11,59760375,3025.8,29.4,0.0191
2023-01-27,MSFT,376.06,73879420,2807.9,26.7,0.0161
2023-01-27,NVDA,535.96,61523843,1339.9,25.8,0.0032
2023-01-27,GOOGL,138.2,50653119,1776.8,28.6,0.0125
2023-01-27,AMZN,199.7,67194280,2051.0,27.1,0.0104
2023-01-27,META,514.82,47580099,1260.8,29.6,0.003
2023-01-27,TSLA,268.27,50133376,876.0,34.1,0.0153
2023-01-30,AAPL,188.66,25468531,3018.6,26.4,0.0119
2023-01-30,MSFT,377.91,34080198,2821.7,29.2,0.0124
2023-01-30,NVDA,546.93,62192259,1367.3,32.1,0.0196
2023-01-30,GOOGL,143.28,30697030,1842.2,32.8,0.0144
2023-01-30,AMZN,203.78,46472408,2092.9,30.5,0.0066
2023-01-30,META,513.41,38756176,1257.3,25.0,0.0069
2023-01-30,TSLA,273.08,54986576,891.7,26.7,0.0116
2023-01-31,AAPL,184.6,25892026,2953.6,31.8,0.0117
2023-01-31,MSFT,367.87,41299758,2746.8,29.6,0.0106
2023-01-31,NVDA,541.02,57890191,1352.5,26.9,0.0053
2023-01-31,GOOGL,144.32,72871500,1855.5,28.8,0.0108
2023-01-31,AMZN,201.49,45076617,2069.4,31.9,0.01
2023-01-31,META,513.09,33632450,1256.5,36.8,0.0178
2023-01-31,TSLA,282.69,69187782,923.1,29.6,0.0179
2023-02-01,AAPL,183.04,64304279,2928.7,33.4,0.0134
2023-02-01,MSFT,362.83,78318857,2709.1,25.0,0.0042
2023-02-01,NVDA,537.25,74007180,1343.1,22.5,0.0043
2023-02-01,GOOGL,139.27,65398124,1790.6,23.9,0.0199
2023-02-01,AMZN,202.21,24479309,2076.8,36.1,0.0004
2023-02-01,META,518.33,71670813,1269.4,27.2,0.0096
2023-02-01,TSLA,284.93,32959180,930.4,21.2,0.0078
2023-02-02,AAPL,182.17,53973494,2914.7,27.0,0.0109
2023-02-02,MSFT,359.86,29960536,2686.9,24.2,0.0127
2023-02-02,NVDA,530.35,36009076,1325.9,28.9,0.0037
2023-02-02,GOOGL,136.57,58881332,1755.9,27.7,0.0195
2023-02-02,AMZN,200.17,71716425,2055.8,31.7,0.0044
2023-02-02,META,516.37,79530037,1264.6,21.3,0.0037
2023-02-02,TSLA,284.55,79865598,929.1,18.3,0.019
2023-02-03,AAPL,179.9,48537920,2878.4,23.0,0.0099
2023-02-03,MSFT,357.97,55686092,2672.8,20.4,0.0167
2023-02-03,NVDA,537.14,61126195,1342.8,27.7,0.0094
2023-02-03,GOOGL,134.75,67146534,1732.5,25.2,0.0093
2023-02-03,AMZN,201.73,60348897,2071.9,26.6,0.017
2023-02-03,META,517.94,70676884,1268.4,32.7,0.0039
2023-02-03,TSLA,284.88,52522292,930.2,27.6,0.0036
2023-02-06,AAPL,181.45,53838741,2903.2,27.4,0.0142
2023-02-06,MSFT,363.02,68942413,2710.5,28.1,0.0073
2023-02-06,NVDA,541.52,48953102,1353.8,21.9,0.0098
2023-02-06,GOOGL,133.97,71476527,1722.5,38.6,0.0131
2023-02-06,AMZN,198.71,34962492,2040.8,31.3,0.0024
2023-02-06,META,511.04,64270391,1251.5,28.5,0.0053
2023-02-06,TSLA,292.03,79190949,953.6,30.9,0.0054
2023-02-07,AAPL,181.64,26870782,2906.2,30.1,0.0066
2023-02-07,MSFT,358.13,39410773,2674.0,30.8,0.0143
2023-02-07,NVDA,536.12,21426235,1340.3,35.2,0.0096
2023-02-07,GOOGL,131.41,79202705,1689.6,21.9,0.008
2023-02-07,AMZN,197.01,28697210,2023.3,28.9,0.0133
2023-02-07,META,523.1,28603674,1281.1,26.8,0.0104
2023-02-07,TSLA,306.25,60689859,1000.0,26.3,0.0126
2023-02-08,AAPL,180.37,31393019,2886.0,33.4,0.0182
2023-02-08,MSFT,353.14,63810798,2636.8,27.2,0.0147
2023-02-08,NVDA,535.57,40625525,1338.9,30.8,0.01
2023-02-08,GOOGL,130.9,70202815,1683.0,28.8,0.0011
2023-02-08,AMZN,198.3,35655437,2036.6,17.9,0.0112
2023-02-08,META,547.25,50550441,1340.2,33.6,0.0172
2023-02-08,TSLA,315.84,62325096,1031.3,35.9,0.0158
2023-02-09,AAPL,183.81,47400908,2941.0,26.9,0.0143
2023-02-09,MSFT,359.91,22601166,2687.3,28.9,0.0147
2023-02-09,NVDA,539.19,71475269,1348.0,28.6,0.0024
2023-02-09,GOOGL,128.84,67878803,1656.5,18.1,0.0133
2023-02-09,AMZN,196.02,36608334,2013.2,27.0,0.0009
2023-02-09,META,554.8,27849291,1358.7,30.6,0.0121
2023-02-09,TSLA,320.0,70786235,1044.9,25.9,0.0185
2023-02-10,AAPL,187.26,54021656,2996.2,24.6,0.0171
2023-02-10,MSFT,351.81,60514471,2626.9,20.4,0.0081
2023-02-10,NVDA,544.8,71444195,1362.0,34.4,0.0157
2023-02-10,GOOGL,128.82,57310258,1656.2,32.6,0.0181
2023-02-10,AMZN,193.59,74469632,1988.2,32.2,0.0167
2023-02-10,META,560.57,57803155,1372.8,19.0,0.0048
2023-02-10,TSLA,324.07,59927606,1058.2,21.6,0.011
2023-02-13,AAPL,185.73,22134374,2971.6,40.1,0.0102
2023-02-13,MSFT,350.97,33266262,2620.6,20.2,0.0194
2023-02-13,NVDA,546.33,74859157,1365.8,19.1,0.0003
2023-02-13,GOOGL,129.64,62696667,1666.8,23.8,0.0197
2023-02-13,AMZN,195.28,75092916,2005.5,36.0,0.0148
2023-02-13,META,552.56,64169860,1353.2,25.4,0.0144
2023-02-13,TSLA,322.77,28618229,1054.0,23.4,0.0013
2023-02-14,AAPL,182.91,39919485,2926.5,27.9,0.018
2023-02-14,MSFT,359.05,22200036,2680.9,22.0,0.0009
2023-02-14,NVDA,557.36,79118230,1393.4,26.8,0.0074
2023-02-14,GOOGL,131.83,28114459,1695.0,29.7,0.0031
2023-02-14,AMZN,188.05,55018153,1931.3,27.1,0.0029
2023-02-14,META,551.55,59724200,1350.7,33.4,0.0109
2023-02-14,TSLA,325.52,24182603,1062.9,20.9,0.0147
2023-02-15,AAPL,182.36,60410302,2917.8,31.6,0.0049
2023-02-15,MSFT,353.96,57781555,2642.9,35.4,0.0172
2023-02-15,NVDA,535.74,23232828,1339.4,32.0,0.0142
2023-02-15,GOOGL,134.52,30165182,1729.5,24.1,0.0006
2023-02-15,AMZN,185.98,47839944,1910.1,31.3,0.0154
2023-02-15,META,543.49,62684154,1331.0,40.2,0.0177
2023-02-15,TSLA,329.78,64365379,1076.8,28.4,0.0047
2023-02-16,AAPL,186.37,55259576,2981.9,29.7,0.0136
2023-02-16,MSFT,359.78,50429045,2686.3,28.4,0.0138
2023-02-16,NVDA,512.34,26209359,1280.9,32.1,0.0065
2023-02-16,GOOGL,132.42,28011673,1702.5,23.4,0.0109
2023-02-16,AMZN,186.11,22835277,1911.4,19.9,0.0074
2023-02-16,META,534.17,32752639,1308.2,32.6,0.0059
2023-02-16,TSLA,334.89,53471165,1093.5,33.0,0.0004
2023-02-17,AAPL,188.71,63316736,3019.3,27.6,0.0187
2023-02-17,MSFT,345.56,47621077,2580.2,34.0,0.0163
2023-02-17,NVDA,501.87,67661917,1254.7,30.6,0.0055
2023-02-17,GOOGL,131.49,53575436,1690.6,27.9,0.0174
2023-02-17,AMZN,187.5,39011301,1925.6,26.9,0.0023
2023-02-17,META,541.4,38575960,1325.9,32.0,0.0043
2023-02-17,TSLA,332.88,69611299,1087.0,30.4,0.0012
2023-02-20,AAPL,185.86,31774360,2973.7,21.7,0.0066
2023-02-20,MSFT,350.1,74816810,2614.1,32.8,0.0033
2023-02-20,NVDA,487.46,20434600,1218.6,37.7,0.0049
2023-02-20,GOOGL,134.34,68246758,1727.2,32.3,0.0038
2023-02-20,AMZN,190.6,51416747,1957.5,28.7,0.0125
2023-02-20,META,528.82,77928682,1295.1,24.8,0.0044
2023-02-20,TSLA,333.32,55653436,1088.4,29.7,0.0128
2023-02-21,AAPL,181.24,53839337,2899.9,24.7,0.0069
2023-02-21,MSFT,349.1,45028396,2606.6,35.8,0.0049
2023-02-21,NVDA,488.79,69044044,1222.0,30.4,0.0095
2023-02-21,GOOGL,133.07,56365011,1710.9,24.7,0.0105
2023-02-21,AMZN,195.09,69584559,2003.7,30.6,0.0103
2023-02-21,META,519.0,67676339,1271.0,29.9,0.0171
2023-02-21,TSLA,332.94,57429747,1087.1,32.9,0.0192
2023-02-22,AAPL,179.58,74904468,2873.3,26.5,0.0055
2023-02-22,MSFT,343.23,64577065,2562.8,28.1,0.0053
2023-02-22,NVDA,488.06,21021473,1220.2,27.7,0.0074
2023-02-22,GOOGL,135.15,24955108,1737.6,34.8,0.0191
2023-02-22,AMZN,192.95,72487727,1981.6,31.1,0.0118
2023-02-22,META,516.44,23629563,1264.7,33.0,0.0157
2023-02-22,TSLA,330.4,68515713,1078.9,19.8,0.0147
2023-02-23,AAPL,174.7,71648667,2795.1,32.7,0.018
2023-02-23,MSFT,348.8,77977929,2604.4,33.4,0.0017
2023-02-23,NVDA,482.86,56936285,1207.1,37.5,0.004
2023-02-23,GOOGL,138.22,66903330,1777.1,27.2,0.0114
2023-02-23,AMZN,193.09,26431649,1983.1,30.0,0.0028
2023-02-23,META,513.73,71442628,1258.1,33.7,0.0154
2023-02-23,TSLA,320.06,28215850,1045.1,27.0,0.0002
2023-02-24,AAPL,176.32,52135767,2821.2,25.9,0.0159
2023-02-24,MSFT,354.92,77607872,2650.0,29.8,0.0049
2023-02-24,NVDA,503.81,79935541,1259.5,24.1,0.0064
2023-02-24,GOOGL,136.36,35843829,1753.2,29.7,0.0129
2023-02-24,AMZN,193.02,48426034,1982.4,30.6,0.0001
2023-02-24,META,498.21,50412736,1220.1,23.5,0.0199
2023-02-24,TSLA,324.94,34703622,1061.0,33.8,0.0097
2023-02-27,AAPL,176.07,77548139,2817.1,19.8,0.0063
2023-02-27,MSFT,353.04,61423809,2636.0,28.2,0.0176
2023-02-27,NVDA,497.98,21835118,1244.9,21.1,0.0101
2023-02-27,GOOGL,134.69,23100724,1731.8,36.0,0.016
2023-02-27,AMZN,194.01,61950997,1992.5,36.2,0.0047
2023-02-27,META,496.89,48137916,1216.9,22.9,0.0077
2023-02-27,TSLA,315.66,69537260,1030.7,33.7,0.0116
2023-02-28,AAPL,174.31,41829284,2789.0,31.9,0.0135
2023-02-28,MSFT,359.28,20020163,2682.6,13.4,0.0016
2023-02-28,NVDA,504.1,35815475,1260.3,28.6,0.0088
2023-02-28,GOOGL,133.52,31583514,1716.7,26.7,0.0121
2023-02-28,AMZN,194.39,56244046,1996.5,32.8,0.0183
2023-02-28,META,499.12,71425767,1222.3,26.6,0.011
2023-02-28,TSLA,319.02,33713539,1041.7,29.5,0.0129
2023-03-01,AAPL,175.65,23329853,2810.4,32.3,0.0057
2023-03-01,MSFT,355.45,36421761,2654.0,21.1,0.0102
2023-03-01,NVDA,506.13,52880915,1265.3,23.6,0.0177
2023-03-01,GOOGL,130.45,29811235,1677.2,29.1,0.0115
2023-03-01,AMZN,192.98,53775300,1981.9,27.9,0.0161
2023-03-01,META,505.56,64295492,1238.1,22.6,0.0169
2023-03-01,TSLA,319.5,47590898,1043.3,32.5,0.0194
2023-03-02,AAPL,181.18,30707633,2898.9,30.9,0.0042
2023-03-02,MSFT,359.87,78167763,2687.0,29.5,0.0112
2023-03-02,NVDA,474.88,22137410,1187.2,30.1,0.0058
2023-03-02,GOOGL,130.04,64220731,1672.0,26.9,0.0185
2023-03-02,AMZN,193.33,59515627,1985.6,24.8,0.0178
2023-03-02,META,500.25,23075769,1225.1,23.1,0.002
2023-03-02,TSLA,314.05,34018056,1025.5,32.8,0.0011
2023-03-03,AAPL,182.06,21485048,2912.9,25.2,0.0181
2023-03-03,MSFT,358.68,63315925,2678.1,31.8,0.0174
2023-03-03,NVDA,476.28,68852689,1190.7,28.6,0.0029
2023-03-03,GOOGL,132.17,23894026,1699.4,27.6,0.0032
2023-03-03,AMZN,194.04,67236288,1992.9,28.3,0.0075
2023-03-03,META,497.39,61573953,1218.1,25.6,0.0175
2023-03-03,TSLA,313.21,47286089,1022.7,30.5,0.0044
2023-03-06,AAPL,178.7,42186034,2859.2,24.5,0.0015
2023-03-06,MSFT,357.45,40679012,2668.9,27.5,0.0017
2023-03-06,NVDA,470.33,59720661,1175.8,35.3,0.0009
2023-03-06,GOOGL,129.57,37591703,1666.0,17.7,0.0147
2023-03-06,AMZN,194.32,62494722,1995.8,24.9,0.0124
2023-03-06,META,495.72,61807809,1214.0,27.7,0.0171
2023-03-06,TSLA,319.3,54270672,1042.6,28.4,0.0031
2023-03-07,AAPL,179.02,74678219,2864.2,24.2,0.0001
2023-03-07,MSFT,354.91,36942776,2650.0,12.3,0.006
2023-03-07,NVDA,474.07,45159317,1185.2,37.4,0.0156
2023-03-07,GOOGL,131.8,66489963,1694.6,26.7,0.0129
2023-03-07,AMZN,197.79,37711969,2031.3,33.6,0.0121
2023-03-07,META,498.39,54213156,1220.5,16.6,0.0027
2023-03-07,TSLA,310.92,52738370,1015.2,25.3,0.014
2023-03-08,AAPL,178.7,75225350,2859.3,27.1,0.0184
2023-03-08,MSFT,365.72,45492483,2730.7,24.0,0.0141
2023-03-08,NVDA,482.47,73951214,1206.2,24.5,0.0161
2023-03-08,GOOGL,130.73,64222471,1680.9,33.9,0.0089
2023-03-08,AMZN,197.2,60867896,2025.3,18.8,0.0019
2023-03-08,META,500.02,33213874,1224.5,21.4,0.0093
2023-03-08,TSLA,311.12,75999724,1015.9,34.7,0.0109
2023-03-09,AAPL,178.44,53032806,2855.0,26.2,0.0097
2023-03-09,MSFT,370.32,25706379,2765.1,18.2,0.0024
2023-03-09,NVDA,492.84,49098924,1232.1,23.9,0.0193
2023-03-09,GOOGL,129.97,58287802,1671.0,35.0,0.0123
2023-03-09,AMZN,195.23,35317939,2005.0,33.6,0.0126
2023-03-09,META,499.14,59465066,1222.4,28.2,0.0057
2023-03-09,TSLA,312.43,60446039,1020.2,28.6,0.0015
2023-03-10,AAPL,181.23,26586183,2899.7,21.3,0.0038
2023-03-10,MSFT,381.19,35330283,2846.2,37.0,0.0003
2023-03-10,NVDA,489.51,74589061,1223.8,29.5,0.0104
2023-03-10,GOOGL,127.68,61382092,1641.5,22.2,0.0129
2023-03-10,AMZN,193.53,32183505,1987.6,24.6,0.0054
2023-03-10,META,501.12,46108861,1227.2,25.8,0.0084
2023-03-10,TSLA,299.64,62984089,978.4,28.3,0.0112
2023-03-13,AAPL,184.08,24263162,2945.4,31.6,0.0106
2023-03-13,MSFT,373.28,63769307,2787.2,25.0,0.0005
2023-03-13,NVDA,494.88,63977986,1237.2,24.3,0.0011
2023-03-13,GOOGL,129.08,49514138,1659.6,26.8,0.015
2023-03-13,AMZN,191.92,36297773,1971.1,33.0,0.0073
2023-03-13,META,511.09,40624929,1251.6,31.6,0.0086
2023-03-13,TSLA,303.49,59635881,991.0,31.4,0.0163
2023-03-14,AAPL,187.7,31800308,3003.2,26.9,0.0118
2023-03-14,MSFT,377.18,39195193,2816.3,29.1,0.0099
2023-03-14,NVDA,497.39,78194163,1243.5,33.2,0.0183
2023-03-14,GOOGL,129.72,30323332,1667.9,33.5,0.018
2023-03-14,AMZN,190.31,65884858,1954.6,29.2,0.0125
2023-03-14,META,499.03,34597284,1222.1,27.2,0.0097
2023-03-14,TSLA,300.77,62169508,982.1,23.7,0.0199
2023-03-15,AAPL,188.25,57129826,3012.0,37.5,0.0072
2023-03-15,MSFT,376.42,25540096,2810.6,26.0,0.016
2023-03-15,NVDA,480.33,35863127,1200.8,30.7,0.0008
2023-03-15,GOOGL,131.08,51854761,1685.3,31.6,0.0077
2023-03-15,AMZN,190.8,30945393,1959.6,26.0,0.0009
2023-03-15,META,498.18,33629247,1220.0,23.5,0.0018
2023-03-15,TSLA,304.05,75338779,992.8,31.3,0.0178
2023-03-16,AAPL,191.84,38268052,3069.5,32.2,0.0094
2023-03-16,MSFT,374.0,24611933,2792.5,25.8,0.0093
2023-03-16,NVDA,459.06,45886867,1147.7,34.8,0.0043
2023-03-16,GOOGL,132.75,46753267,1706.8,29.7,0.0076
2023-03-16,AMZN,187.3,68111942,1923.7,26.5,0.0147
2023-03-16,META,478.86,56182230,1172.7,34.9,0.008
2023-03-16,TSLA,309.01,58851680,1009.0,26.2,0.0088
2023-03-17,AAPL,193.69,61528679,3099.1,39.9,0.011
2023-03-17,MSFT,370.1,67008526,2763.5,27.0,0.0101
2023-03-17,NVDA,453.4,20409162,1133.5,31.6,0.0028
2023-03-17,GOOGL,128.51,55448552,1652.2,24.8,0.0015
2023-03-17,AMZN,184.99,58127020,1899.9,32.5,0.0012
2023-03-17,META,474.16,45328792,1161.2,33.3,0.0134
2023-03-17,TSLA,308.51,47705503,1007.4,35.8,0.004
2023-03-20,AAPL,194.14,73088464,3106.3,23.1,0.0024
2023-03-20,MSFT,365.75,47043621,2731.0,20.2,0.0035
2023-03-20,NVDA,459.34,54075364,1148.3,24.3,0.009
2023-03-20,GOOGL,127.07,62423553,1633.8,18.9,0.0044
2023-03-20,AMZN,189.93,54025218,1950.7,21.8,0.0155
2023-03-20,META,472.95,34736951,1158.3,29.5,0.0009
2023-03-20,TSLA,314.58,64786623,1027.2,36.1,0.0035
2023-03-21,AAPL,191.92,38301053,3070.8,31.0,0.002
2023-03-21,MSFT,366.14,26160490,2733.8,25.2,0.0112
2023-03-21,NVDA,462.16,74795447,1155.4,28.2,0.0133
2023-03-21,GOOGL,126.19,53518695,1622.5,29.5,0.0165
2023-03-21,AMZN,192.69,63563278,1978.9,32.5,0.0005
2023-03-21,META,478.13,46037340,1170.9,33.4,0.0043
2023-03-21,TSLA,324.23,68856876,1058.7,32.8,0.0176
2023-03-22,AAPL,193.01,59321619,3088.1,27.1,0.015
2023-03-22,MSFT,365.57,25978397,2729.6,30.3,0.0172
2023-03-22,NVDA,471.11,34747860,1177.8,28.6,0.0193
2023-03-22,GOOGL,124.22,75734930,1597.2,32.6,0.006
2023-03-22,AMZN,199.3,55950495,2046.8,35.6,0.0063
2023-03-22,META,476.94,50636804,1168.0,30.0,0.0189
2023-03-22,TSLA,321.63,64947500,1050.2,33.9,0.0042
2023-03-23,AAPL,200.15,30065506,3202.4,24.7,0.0105
2023-03-23,MSFT,372.05,40456376,2777.9,24.0,0.0035
2023-03-23,NVDA,468.12,45818013,1170.3,27.2,0.011
2023-03-23,GOOGL,125.55,54548269,1614.2,21.6,0.0146
2023-03-23,AMZN,197.5,27760560,2028.4,30.4,0.0177
2023-03-23,META,486.12,74386270,1190.5,22.1,0.0044
2023-03-23,TSLA,319.44,76869630,1043.1,41.1,0.0084
2023-03-24,AAPL,195.91,44573041,3134.5,39.9,0.0088
2023-03-24,MSFT,381.32,26028158,2847.2,31.4,0.017
2023-03-24,NVDA,473.99,41701027,1185.0,31.8,0.0141
2023-03-24,GOOGL,125.16,38337430,1609.3,28.8,0.0112
2023-03-24,AMZN,200.01,51231855,2054.1,30.5,0.0105
2023-03-24,META,476.78,26920640,1167.6,37.2,0.0001
2023-03-24,TSLA,309.65,20635608,1011.1,27.1,0.0196
2023-03-27,AAPL,193.88,43025770,3102.1,33.4,0.0128
2023-03-27,MSFT,385.87,52127531,2881.1,20.0,0.005
2023-03-27,NVDA,476.92,22213672,1192.3,19.1,0.0167
2023-03-27,GOOGL,125.66,55758101,1615.6,30.3,0.0041
2023-03-27,AMZN,196.89,21814459,2022.1,37.0,0.0197
2023-03-27,META,475.99,72035379,1165.7,25.7,0.0073
2023-03-27,TSLA,303.6,33982929,991.4,23.8,0.0198
2023-03-28,AAPL,195.74,38987446,3131.9,34.5,0.0118
2023-03-28,MSFT,392.94,47254660,2933.9,21.2,0.0032
2023-03-28,NVDA,463.29,43235026,1158.2,21.5,0.0125
2023-03-28,GOOGL,123.06,58281640,1582.1,30.1,0.0189
2023-03-28,AMZN,193.22,66488315,1984.4,27.0,0.019
2023-03-28,META,488.56,31586731,1196.5,28.5,0.0034
2023-03-28,TSLA,312.83,41360514,1021.5,32.2,0.0104
2023-03-29,AAPL,197.73,78475560,3163.7,25.7,0.0034
2023-03-29,MSFT,398.61,69702124,2976.3,20.0,0.0088
2023-03-29,NVDA,460.27,77989631,1150.7,24.8,0.0028
2023-03-29,GOOGL,122.86,67663805,1579.6,32.3,0.0023
2023-03-29,AMZN,196.48,54061839,2017.9,33.6,0.0015
2023-03-29,META,491.32,35002033,1203.2,22.3,0.0047
2023-03-29,TSLA,318.69,22095684,1040.6,36.7,0.0165
2023-03-30,AAPL,199.67,32289314,3194.7,36.3,0.0151
2023-03-30,MSFT,401.11,78804827,2995.0,32.2,0.0102
2023-03-30,NVDA,452.54,54913274,1131.3,24.5,0.0137
2023-03-30,GOOGL,124.67,39067157,1602.9,35.4,0.0115
2023-03-30,AMZN,197.17,28441073,2025.0,30.5,0.0091
2023-03-30,META,469.87,63518653,1150.7,23.8,0.0145
2023-03-30,TSLA,318.08,40767093,1038.6,27.3,0.0069
2023-03-31,AAPL,201.37,21627467,3221.9,25.5,0.0166
2023-03-31,MSFT,384.59,38749130,2871.6,38.0,0.0198
2023-03-31,NVDA,446.7,61426000,1116.7,38.5,0.0026
2023-03-31,GOOGL,127.37,33380243,1637.7,13.0,0.007
2023-03-31,AMZN,194.51,52811476,1997.7,34.9,0.0075
2023-03-31,META,470.48,32694161,1152.2,27.0,0.0052
2023-03-31,TSLA,325.32,51679479,1062.3,34.1,0.019
2023-04-03,AAPL,204.03,20810609,3264.4,29.5,0.0011
2023-04-03,MSFT,365.02,32414903,2725.5,24.3,0.0098
2023-04-03,NVDA,459.18,45761700,1147.9,34.1,0.009
2023-04-03,GOOGL,129.59,46502300,1666.2,28.3,0.0188
2023-04-03,AMZN,194.9,64424316,2001.7,28.7,0.0158
2023-04-03,META,457.05,45450222,1119.3,24.5,0.0197
2023-04-03,TSLA,324.74,65820278,1060.4,32.4,0.0061
2023-04-04,AAPL,202.98,33595653,3247.6,29.2,0.0127
2023-04-04,MSFT,371.45,45954943,2773.5,26.4,0.0116
2023-04-04,NVDA,462.08,68781890,1155.2,25.6,0.0084
2023-04-04,GOOGL,130.2,76371966,1674.1,31.3,0.0165
2023-04-04,AMZN,195.57,78737388,2008.5,29.8,0.0056
2023-04-04,META,460.54,56546040,1127.9,29.1,0.0122
2023-04-04,TSLA,326.44,34101568,1065.9,28.5,0.015
2023-04-05,AAPL,203.17,77550326,3250.7,27.3,0.004
2023-04-05,MSFT,372.16,52861254,2778.8,27.0,0.0164
2023-04-05,NVDA,457.49,25847264,1143.7,25.9,0.0105
2023-04-05,GOOGL,127.73,71079033,1642.2,31.9,0.001
2023-04-05,AMZN,196.43,51618897,2017.4,27.2,0.0004
2023-04-05,META,471.86,39073273,1155.6,26.9,0.0102
2023-04-05,TSLA,325.19,78642443,1061.9,36.4,0.0023
2023-04-06,AAPL,200.17,27457148,3202.7,29.8,0.0172
2023-04-06,MSFT,361.36,78529218,2698.2,29.8,0.0087
2023-04-06,NVDA,458.16,53178016,1145.4,36.3,0.0045
2023-04-06,GOOGL,127.69,29319841,1641.8,33.9,0.0178
2023-04-06,AMZN,195.38,25819386,2006.6,26.1,0.0185
2023-04-06,META,467.0,66378428,1143.7,26.9,0.0029
2023-04-06,TSLA,325.22,49114249,1062.0,26.7,0.013
2023-04-07,AAPL,195.57,59196625,3129.2,23.9,0.0066
2023-04-07,MSFT,366.25,50840978,2734.7,22.9,0.0065
2023-04-07,NVDA,458.04,76916017,1145.1,30.1,0.0101
2023-04-07,GOOGL,132.55,64825826,1704.2,23.4,0.0052
2023-04-07,AMZN,195.55,38991128,2008.4,22.8,0.007
2023-04-07,META,461.95,77869427,1131.3,26.6,0.0112
2023-04-07,TSLA,323.34,68356362,1055.8,25.2,0.0018
2023-04-10,AAPL,198.01,73078096,3168.1,32.8,0.0098
2023-04-10,MSFT,373.35,63707919,2787.7,35.6,0.0146
2023-04-10,NVDA,453.36,42608612,1133.4,36.1,0.0033
2023-04-10,GOOGL,134.27,53192763,1726.3,30.7,0.0028
2023-04-10,AMZN,189.61,51897071,1947.4,37.6,0.0144
2023-04-10,META,469.22,34208834,1149.1,25.6,0.0131
2023-04-10,TSLA,327.21,67248223,1068.4,27.6,0.0036
2023-04-11,AAPL,198.83,55322700,3181.4,19.2,0.0001
2023-04-11,MSFT,376.77,35066637,2813.2,29.8,0.0117
2023-04-11,NVDA,452.01,45500041,1130.0,26.3,0.0055
2023-04-11,GOOGL,136.9,56090296,1760.1,29.0,0.0192
2023-04-11,AMZN,193.59,39082498,1988.3,34.6,0.0059
2023-04-11,META,463.74,65234549,1135.7,28.2,0.0106
2023-04-11,TSLA,322.38,39791465,1052.7,33.4,0.0112
2023-04-12,AAPL,196.57,27148489,3145.1,29.5,0.0093
2023-04-12,MSFT,366.21,57415828,2734.4,26.7,0.0017
2023-04-12,NVDA,448.5,67833752,1121.2,29.0,0.013
2023-04-12,GOOGL,136.07,21350081,1749.5,30.1,0.0132
2023-04-12,AMZN,196.29,50312227,2016.0,25.2,0.0143
2023-04-12,META,475.84,38642711,1165.3,28.9,0.0131
2023-04-12,TSLA,325.05,77745836,1061.4,28.2,0.0169
2023-04-13,AAPL,199.82,27837779,3197.1,23.6,0.0105
2023-04-13,MSFT,363.28,69141305,2712.5,24.5,0.0172
2023-04-13,NVDA,460.98,39403372,1152.5,27.8,0.0041
2023-04-13,GOOGL,133.7,69390623,1719.0,24.8,0.0003
2023-04-13,AMZN,198.15,23511605,2035.0,22.2,0.0042
2023-04-13,META,449.25,67555531,1100.2,25.5,0.0091
2023-04-13,TSLA,328.75,33867886,1073.5,31.4,0.0009
2023-04-14,AAPL,198.16,23741688,3170.5,31.1,0.0145
2023-04-14,MSFT,352.31,32091933,2630.6,38.2,0.0169
2023-04-14,NVDA,451.98,33219592,1130.0,27.5,0.0068
2023-04-14,GOOGL,129.14,21158925,1660.3,29.8,0.0179
2023-04-14,AMZN,200.0,66683337,2054.0,32.7,0.0011
2023-04-14,META,451.42,53435726,1105.5,29.8,0.017
2023-04-14,TSLA,321.14,62054924,1048.6,32.3,0.0183
2023-04-17,AAPL,195.27,32534518,3124.4,31.2,0.005
2023-04-17,MSFT,350.22,29116598,2615.0,33.9,0.0153
2023-04-17,NVDA,443.61,48879275,1109.0,23.6,0.0028
2023-04-17,GOOGL,127.34,38677517,1637.3,35.5,0.0001
2023-04-17,AMZN,207.8,61021893,2134.2,35.5,0.016
2023-04-17,META,450.24,57043179,1102.6,22.3,0.0134
2023-04-17,TSLA,331.09,32391549,1081.1,33.0,0.0172
2023-04-18,AAPL,200.27,71446698,3204.3,21.8,0.0091
2023-04-18,MSFT,355.57,34674635,2654.9,31.6,0.0061
2023-04-18,NVDA,444.08,78003826,1110.2,21.1,0.0088
2023-04-18,GOOGL,125.7,67441294,1616.2,29.8,0.0007
2023-04-18,AMZN,208.42,34683698,2140.5,27.8,0.0087
2023-04-18,META,446.83,39632209,1094.3,21.5,0.0079
2023-04-18,TSLA,326.39,48785438,1065.8,25.3,0.0092
2023-04-19,AAPL,206.48,36255668,3303.6,26.7,0.0057
2023-04-19,MSFT,357.95,55985976,2672.7,16.4,0.0018
2023-04-19,NVDA,442.9,45080128,1107.2,33.1,0.0002
2023-04-19,GOOGL,126.63,65720176,1628.2,34.0,0.0038
2023-04-19,AMZN,210.6,59996436,2162.9,25.7,0.0107
2023-04-19,META,447.25,29696008,1095.3,30.8,0.0157
2023-04-19,TSLA,324.27,53644339,1058.8,25.7,0.0011
2023-04-20,AAPL,202.1,55239935,3233.6,29.5,0.0081
2023-04-20,MSFT,354.99,66326598,2650.6,21.9,0.0199
2023-04-20,NVDA,443.03,56904259,1107.6,29.8,0.0168
2023-04-20,GOOGL,131.98,62235662,1696.8,26.1,0.0001
2023-04-20,AMZN,215.06,41843982,2208.7,32.0,0.0088
2023-04-20,META,436.19,67792616,1068.2,29.8,0.005
2023-04-20,TSLA,331.64,46749086,1082.9,32.6,0.0144
2023-04-21,AAPL,205.07,38153352,3281.2,26.0,0.0184
2023-04-21,MSFT,366.76,62020572,2738.4,28.5,0.0092
2023-04-21,NVDA,438.58,32200903,1096.5,28.9,0.0135
2023-04-21,GOOGL,135.89,58125819,1747.1,28.9,0.0067
2023-04-21,AMZN,210.64,34482127,2163.3,28.7,0.0136
2023-04-21,META,444.79,46707681,1089.3,25.5,0.0011
2023-04-21,TSLA,330.21,54508130,1078.2,24.8,0.0078
2023-04-24,AAPL,208.31,42842698,3332.9,25.9,0.0128
2023-04-24,MSFT,362.47,70185040,2706.4,28.6,0.0026
2023-04-24,NVDA,439.46,58515255,1098.6,18.6,0.0178
2023-04-24,GOOGL,135.33,22299948,1740.0,28.2,0.0016
2023-04-24,AMZN,203.98,24147275,2095.0,23.5,0.0041
2023-04-24,META,446.39,75722085,1093.2,24.3,0.0172
2023-04-24,TSLA,323.67,66693626,1056.9,30.7,0.0189
2023-04-25,AAPL,208.55,73291892,3336.9,24.1,0.0108
2023-04-25,MSFT,372.29,37182603,2779.8,28.0,0.0068
2023-04-25,NVDA,448.95,72471017,1122.4,35.6,0.0145
2023-04-25,GOOGL,135.5,68702693,1742.1,31.7,0.0082
2023-04-25,AMZN,202.43,62226969,2079.0,21.3,0.0134
2023-04-25,META,448.05,56292478,1097.3,32.7,0.0068
2023-04-25,TSLA,313.91,42960820,1025.0,31.0,0.0192
2023-04-26,AAPL,203.94,59687587,3263.0,28.2,0.0143
2023-04-26,MSFT,362.0,54313743,2703.0,18.6,0.004
2023-04-26,NVDA,460.63,74845141,1151.6,30.1,0.0159
2023-04-26,GOOGL,136.16,55397399,1750.6,33.3,0.0087
2023-04-26,AMZN,205.33,22999275,2108.8,28.7,0.0183
2023-04-26,META,449.73,27437091,1101.4,27.6,0.0082
2023-04-26,TSLA,314.76,59529528,1027.8,18.7,0.0116
2023-04-27,AAPL,200.43,48326758,3206.8,26.1,0.006
2023-04-27,MSFT,354.38,45250631,2646.0,26.9,0.0174
2023-04-27,NVDA,455.87,36303772,1139.7,39.6,0.0186
2023-04-27,GOOGL,136.35,70090357,1753.1,18.2,0.0199
2023-04-27,AMZN,201.43,24186662,2068.8,32.1,0.0183
2023-04-27,META,436.25,50760947,1068.4,20.4,0.0146
2023-04-27,TSLA,319.53,32173525,1043.4,26.8,0.0071
2023-04-28,AAPL,196.66,29543040,3146.6,32.7,0.0138
2023-04-28,MSFT,363.06,59309549,2710.9,30.7,0.0024
2023-04-28,NVDA,443.5,36263579,1108.7,24.9,0.0042
2023-04-28,GOOGL,133.14,43576698,1711.9,40.0,0.0106
2023-04-28,AMZN,207.16,61682596,2127.6,26.9,0.0059
2023-04-28,META,438.5,68020964,1073.9,25.3,0.0076
2023-04-28,TSLA,316.23,75573226,1032.6,26.7,0.0081
2023-05-01,AAPL,190.22,70873176,3043.5,29.6,0.0013
2023-05-01,MSFT,356.24,28840834,2659.9,31.8,0.0121
2023-05-01,NVDA,437.26,75894739,1093.1,29.8,0.0027
2023-05-01,GOOGL,136.26,62888776,1752.0,22.4,0.0185
2023-05-01,AMZN,203.58,43972434,2090.8,21.1,0.013
2023-05-01,META,442.35,36824384,1083.3,20.4,0.0129
2023-05-01,TSLA,309.19,75270445,1009.6,30.2,0.0155
2023-05-02,AAPL,188.27,73342689,3012.3,29.2,0.0049
2023-05-02,MSFT,364.07,27909923,2718.4,32.4,0.0082
2023-05-02,NVDA,441.66,47223103,1104.1,33.3,0.0199
2023-05-02,GOOGL,139.11,32920971,1788.6,20.7,0.0183
2023-05-02,AMZN,204.15,24618150,2096.7,22.4,0.0064
2023-05-02,META,444.74,43600508,1089.2,25.6,0.0133
2023-05-02,TSLA,308.66,25820966,1007.9,30.2,0.005
2023-05-03,AAPL,192.91,61661696,3086.6,30.0,0.0149
2023-05-03,MSFT,371.35,58381071,2772.8,26.9,0.0106
2023-05-03,NVDA,439.27,63780303,1098.2,30.2,0.0134
2023-05-03,GOOGL,136.83,48810001,1759.3,25.1,0.0084
2023-05-03,AMZN,207.12,49326056,2127.2,25.5,0.0013
2023-05-03,META,436.49,78739788,1069.0,21.5,0.0146
2023-05-03,TSLA,309.49,53680502,1010.6,25.3,0.018
2023-05-04,AAPL,202.92,29400731,3246.7,29.7,0.0175
2023-05-04,MSFT,371.54,30512684,2774.2,20.9,0.0056
2023-05-04,NVDA,438.49,44038673,1096.2,29.8,0.0021
2023-05-04,GOOGL,138.77,48970622,1784.2,26.8,0.0048
2023-05-04,AMZN,207.96,35526563,2135.8,37.8,0.0095
2023-05-04,META,455.02,28849859,1114.3,21.3,0.0032
2023-05-04,TSLA,304.52,70023500,994.3,31.8,0.0151
2023-05-05,AAPL,203.2,57324819,3251.2,28.8,0.0157
2023-05-05,MSFT,372.83,63964103,2783.8,22.2,0.0081
2023-05-05,NVDA,441.96,24675792,1104.9,24.1,0.0128
2023-05-05,GOOGL,140.02,62689609,1800.3,24.5,0.015
2023-05-05,AMZN,211.63,20488169,2173.5,21.1,0.0195
2023-05-05,META,434.98,73918161,1065.2,31.1,0.019
2023-05-05,TSLA,306.92,68183213,1002.2,29.9,0.0115
2023-05-08,AAPL,204.89,26856856,3278.2,28.3,0.0022
2023-05-08,MSFT,371.92,72983183,2777.0,23.1,0.0003
2023-05-08,NVDA,431.98,70404061,1080.0,25.6,0.0093
2023-05-08,GOOGL,136.44,76918663,1754.2,34.0,0.016
2023-05-08,AMZN,215.97,38871118,2218.1,26.0,0.0046
2023-05-08,META,421.64,25324858,1032.6,33.7,0.0136
2023-05-08,TSLA,306.85,72540167,1001.9,29.4,0.0086
2023-05-09,AAPL,207.31,39677661,3316.9,20.8,0.0116
2023-05-09,MSFT,374.26,25760909,2794.5,23.5,0.0155
2023-05-09,NVDA,445.73,32539777,1114.3,25.2,0.0082
2023-05-09,GOOGL,132.27,23788426,1700.7,29.8,0.0015
2023-05-09,AMZN,215.59,68551613,2214.2,33.2,0.012
2023-05-09,META,417.65,67994710,1022.8,26.8,0.0136
2023-05-09,TSLA,308.41,24978192,1007.0,27.7,0.0053
2023-05-10,AAPL,207.36,78902966,3317.7,28.2,0.0053
2023-05-10,MSFT,358.8,35796407,2679.0,22.9,0.0014
2023-05-10,NVDA,454.13,45046487,1135.3,22.6,0.0116
2023-05-10,GOOGL,137.66,48823968,1769.9,17.8,0.0125
2023-05-10,AMZN,215.98,39609860,2218.2,21.2,0.0086
2023-05-10,META,417.82,65528459,1023.2,28.0,0.0166
2023-05-10,TSLA,306.51,53467906,1000.9,28.6,0.0021
2023-05-11,AAPL,209.0,28185917,3344.0,32.0,0.0076
2023-05-11,MSFT,361.89,64888445,2702.1,28.6,0.0126
2023-05-11,NVDA,452.83,78725999,1132.1,29.4,0.0042
2023-05-11,GOOGL,136.22,43674966,1751.4,27.2,0.014
2023-05-11,AMZN,211.15,62486391,2168.6,29.7,0.0035
2023-05-11,META,418.12,75654553,1024.0,32.9,0.0091
2023-05-11,TSLA,315.5,71489548,1030.2,34.8,0.0123
2023-05-12,AAPL,205.71,22169623,3291.3,14.7,0.0185
2023-05-12,MSFT,361.57,78984559,2699.7,26.3,0.0142
2023-05-12,NVDA,447.13,28530254,1117.8,28.6,0.0126
2023-05-12,GOOGL,138.04,38894463,1774.8,24.8,0.0088
2023-05-12,AMZN,215.55,47659969,2213.7,34.6,0.0126
2023-05-12,META,409.01,42569042,1001.7,25.7,0.0024
2023-05-12,TSLA,315.09,33834996,1028.9,28.7,0.0123
2023-05-15,AAPL,212.82,39009012,3405.2,33.3,0.0054
2023-05-15,MSFT,356.37,60001137,2660.9,28.9,0.0175
2023-05-15,NVDA,457.74,38844792,1144.3,22.8,0.0062
2023-05-15,GOOGL,137.82,27507819,1771.9,15.0,0.0105
2023-05-15,AMZN,211.79,23652209,2175.2,22.9,0.0064
2023-05-15,META,411.64,49109892,1008.1,25.8,0.0156
2023-05-15,TSLA,324.68,28940308,1060.2,34.5,0.0126
2023-05-16,AAPL,217.83,59297422,3485.2,31.0,0.0117
2023-05-16,MSFT,356.18,55773657,2659.5,30.7,0.0095
2023-05-16,NVDA,455.27,29749389,1138.2,39.1,0.0095
2023-05-16,GOOGL,135.34,20130598,1740.1,24.7,0.0106
2023-05-16,AMZN,206.83,41702938,2124.2,35.0,0.0006
2023-05-16,META,419.27,76380994,1026.8,26.4,0.0002
2023-05-16,TSLA,329.11,28468902,1074.7,31.6,0.0111
2023-05-17,AAPL,217.27,43878604,3476.2,20.7,0.0006
2023-05-17,MSFT,357.92,62607881,2672.5,23.6,0.0024
2023-05-17,NVDA,453.31,48777115,1133.3,37.1,0.0141
2023-05-17,GOOGL,134.36,29654234,1727.5,32.9,0.0124
2023-05-17,AMZN,207.01,23011062,2126.1,32.8,0.0122
2023-05-17,META,420.67,52061200,1030.2,20.7,0.0181
2023-05-17,TSLA,335.6,48172273,1095.8,31.5,0.0008
2023-05-18,AAPL,219.45,51043896,3511.1,29.5,0.0152
2023-05-18,MSFT,364.1,77310923,2718.6,36.6,0.002
2023-05-18,NVDA,457.84,65501097,1144.6,27.7,0.0152
2023-05-18,GOOGL,132.36,32002975,1701.8,30.0,0.0007
2023-05-18,AMZN,209.64,26776487,2153.1,33.8,0.0187
2023-05-18,META,420.62,38615175,1030.1,26.0,0.0197
2023-05-18,TSLA,330.71,42556949,1079.9,22.7,0.0082
2023-05-19,AAPL,220.21,41970153,3523.4,28.4,0.0148
2023-05-19,MSFT,363.9,49632142,2717.1,20.3,0.018
2023-05-19,NVDA,445.57,62368719,1113.9,26.4,0.0152
2023-05-19,GOOGL,132.07,20484701,1698.0,30.5,0.004
2023-05-19,AMZN,207.82,78116050,2134.4,30.6,0.0132
2023-05-19,META,428.1,41140343,1048.4,31.2,0.0008
2023-05-19,TSLA,334.72,54853314,1093.0,31.4,0.0171
2023-05-22,AAPL,219.39,27318581,3510.2,27.8,0.0118
2023-05-22,MSFT,358.63,47234179,2677.8,31.6,0.0159
2023-05-22,NVDA,446.49,62498140,1116.2,27.7,0.0028
2023-05-22,GOOGL,132.9,77410958,1708.7,27.3,0.0003
2023-05-22,AMZN,213.42,27597236,2191.9,23.6,0.019
2023-05-22,META,417.35,45492141,1022.1,18.8,0.0106
2023-05-22,TSLA,337.92,47951884,1103.4,37.0,0.0118
2023-05-23,AAPL,220.3,39804020,3524.7,27.9,0.0118
2023-05-23,MSFT,351.69,48111885,2625.9,26.6,0.0032
2023-05-23,NVDA,452.34,59445898,1130.8,19.9,0.0183
2023-05-23,GOOGL,135.3,30186063,1739.5,32.8,0.0175
2023-05-23,AMZN,208.78,57997759,2144.3,26.4,0.0032
2023-05-23,META,412.29,40258885,1009.7,33.5,0.0057
2023-05-23,TSLA,349.08,53642706,1139.9,26.8,0.0028
2023-05-24,AAPL,217.3,44460361,3476.9,24.5,0.0106
2023-05-24,MSFT,355.47,75302928,2654.2,26.0,0.0137
2023-05-24,NVDA,448.1,50224453,1120.3,33.2,0.0087
2023-05-24,GOOGL,136.65,35697952,1756.9,19.6,0.0163
2023-05-24,AMZN,205.12,70732722,2106.6,34.3,0.0106
2023-05-24,META,409.28,56174226,1002.3,26.1,0.0047
2023-05-24,TSLA,350.72,78743817,1145.2,29.3,0.0196
2023-05-25,AAPL,220.06,20833462,3521.0,34.2,0.0073
2023-05-25,MSFT,356.76,25992051,2663.8,25.6,0.0033
2023-05-25,NVDA,452.19,20712345,1130.5,25.6,0.0076
2023-05-25,GOOGL,135.66,24988986,1744.2,28.9,0.0151
2023-05-25,AMZN,210.31,35714748,2159.9,26.9,0.0146
2023-05-25,META,399.58,61015345,978.6,26.5,0.0138
2023-05-25,TSLA,354.61,50361862,1157.9,31.9,0.0143
2023-05-26,AAPL,221.73,43106919,3547.7,29.7,0.0133
2023-05-26,MSFT,356.1,60408079,2658.9,23.6,0.0082
2023-05-26,NVDA,448.71,57270121,1121.8,24.2,0.0079
2023-05-26,GOOGL,132.31,33913228,1701.2,27.5,0.0181
2023-05-26,AMZN,210.55,25982277,2162.4,35.9,0.015
2023-05-26,META,410.49,79894796,1005.3,29.2,0.0009
2023-05-26,TSLA,343.44,34768971,1121.4,27.6,0.0128
2023-05-29,AAPL,218.51,44465620,3496.2,36.3,0.0052
2023-05-29,MSFT,354.97,53943444,2650.4,30.1,0.0116
2023-05-29,NVDA,444.66,53877151,1111.6,30.9,0.0084
2023-05-29,GOOGL,132.83,41516461,1707.8,22.5,0.0144
2023-05-29,AMZN,211.81,59287236,2175.4,29.1,0.0013
2023-05-29,META,404.23,22197565,989.9,28.0,0.0128
2023-05-29,TSLA,331.17,64363329,1081.4,32.3,0.006
2023-05-30,AAPL,211.37,68594967,3381.9,24.4,0.0073
2023-05-30,MSFT,349.76,48335384,2611.5,21.7,0.0084
2023-05-30,NVDA,451.27,52643836,1128.2,32.3,0.0059
2023-05-30,GOOGL,126.27,20052295,1623.5,33.3,0.0177
2023-05-30,AMZN,212.69,44982391,2184.3,21.5,0.0051
2023-05-30,META,404.64,24277154,991.0,30.1,0.0084
2023-05-30,TSLA,322.75,28337438,1053.9,24.5,0.0181
2023-05-31,AAPL,207.96,57704819,3327.3,27.8,0.0188
2023-05-31,MSFT,352.7,47623133,2633.5,28.7,0.0136
2023-05-31,NVDA,455.98,29855962,1140.0,21.8,0.01
2023-05-31,GOOGL,131.44,66628910,1689.9,32.0,0.0103
2023-05-31,AMZN,217.57,35036972,2234.5,27.9,0.0148
2023-05-31,META,405.77,38044805,993.7,26.6,0.0018
2023-05-31,TSLA,326.83,58851300,1067.2,38.2,0.019
2023-06-01,AAPL,200.47,42732354,3207.5,23.7,0.0141
2023-06-01,MSFT,353.47,38083958,2639.2,29.8,0.0118
2023-06-01,NVDA,466.15,23606918,1165.4,29.0,0.0197
2023-06-01,GOOGL,130.21,29882937,1674.2,27.6,0.0052
2023-06-01,AMZN,219.76,50770534,2257.0,27.2,0.0072
2023-06-01,META,404.9,22240619,991.6,28.8,0.016
2023-06-01,TSLA,316.29,56656931,1032.8,24.8,0.0056
2023-06-02,AAPL,206.44,36219023,3303.0,30.7,0.0166
2023-06-02,MSFT,363.3,62816949,2712.6,30.0,0.0098
2023-06-02,NVDA,470.64,45381089,1176.6,22.1,0.0173
2023-06-02,GOOGL,126.94,24266435,1632.1,27.1,0.0134
2023-06-02,AMZN,218.62,68703702,2245.3,28.8,0.0194
2023-06-02,META,405.94,53055579,994.1,23.0,0.0091
2023-06-02,TSLA,313.1,70126515,1022.4,36.6,0.0113
2023-06-05,AAPL,199.61,58130229,3193.7,23.7,0.0106
2023-06-05,MSFT,374.6,37151338,2797.0,33.0,0.0154
2023-06-05,NVDA,468.62,69200412,1171.6,23.2,0.0064
2023-06-05,GOOGL,127.37,73776636,1637.6,27.5,0.0006
2023-06-05,AMZN,214.55,43909222,2203.5,29.0,0.0196
2023-06-05,META,395.42,70613577,968.4,27.3,0.0174
2023-06-05,TSLA,317.94,23798544,1038.2,22.6,0.0194
2023-06-06,AAPL,196.13,40693750,3138.0,27.2,0.0188
2023-06-06,MSFT,373.09,26779634,2785.7,21.3,0.0093
2023-06-06,NVDA,467.98,76912262,1170.0,31.7,0.0117
2023-06-06,GOOGL,128.37,27173044,1650.5,21.1,0.0097
2023-06-06,AMZN,216.66,66812580,2225.2,19.5,0.0045
2023-06-06,META,379.02,60875768,928.2,29.9,0.0039
2023-06-06,TSLA,321.85,41776029,1050.9,36.2,0.0082
2023-06-07,AAPL,199.27,54840549,3188.4,30.9,0.0108
2023-06-07,MSFT,377.43,75104241,2818.2,36.4,0.0072
2023-06-07,NVDA,461.94,67155011,1154.9,26.7,0.0045
2023-06-07,GOOGL,127.5,34768877,1639.2,31.5,0.014
2023-06-07,AMZN,217.94,78348030,2238.3,29.4,0.01
2023-06-07,META,374.81,38496693,917.9,32.8,0.014
2023-06-07,TSLA,324.54,48510185,1059.7,34.2,0.0078
2023-06-08,AAPL,199.95,58045794,3199.2,32.1,0.0192
2023-06-08,MSFT,383.02,31427615,2859.9,27.5,0.0186
2023-06-08,NVDA,462.52,38463475,1156.3,29.2,0.0128
2023-06-08,GOOGL,128.34,20786706,1650.1,24.3,0.0053
2023-06-08,AMZN,218.4,51892577,2243.0,28.7,0.0195
2023-06-08,META,376.38,41944288,921.8,35.5,0.0123
2023-06-08,TSLA,330.71,20415634,1079.9,16.9,0.0121
2023-06-09,AAPL,203.74,59428452,3259.9,23.8,0.0002
2023-06-09,MSFT,386.06,50241744,2882.6,32.0,0.0194
2023-06-09,NVDA,463.42,23322462,1158.5,33.0,0.0106
2023-06-09,GOOGL,127.32,62333822,1636.9,33.0,0.0098
2023-06-09,AMZN,218.34,58098161,2242.4,32.0,0.0103
2023-06-09,META,380.87,49543946,932.7,25.5,0.0021
2023-06-09,TSLA,326.02,59732941,1064.6,22.0,0.0003
2023-06-12,AAPL,203.33,40727331,3253.3,40.2,0.0109
2023-06-12,MSFT,382.59,57611380,2856.7,25.1,0.0198
2023-06-12,NVDA,451.2,48504832,1128.0,31.3,0.0147
2023-06-12,GOOGL,130.87,46218023,1682.6,30.6,0.0026
2023-06-12,AMZN,224.47,51455840,2305.3,32.0,0.012
2023-06-12,META,379.06,60292969,928.3,25.3,0.0199
2023-06-12,TSLA,322.09,76258589,1051.7,24.5,0.0023
2023-06-13,AAPL,202.37,36883859,3237.9,35.9,0.0004
2023-06-13,MSFT,385.46,52159176,2878.1,29.3,0.0185
2023-06-13,NVDA,458.86,46546791,1147.2,21.4,0.0109
2023-06-13,GOOGL,129.49,62934052,1664.8,30.1,0.0101
2023-06-13,AMZN,216.03,27558769,2218.6,22.7,0.0135
2023-06-13,META,376.18,59417079,921.3,38.8,0.0027
2023-06-13,TSLA,314.66,65086911,1027.4,30.9,0.0077
2023-06-14,AAPL,206.11,48120310,3297.7,31.0,0.0082
2023-06-14,MSFT,378.17,34142034,2823.6,30.4,0.0067
2023-06-14,NVDA,479.29,26113618,1198.2,28.3,0.0176
2023-06-14,GOOGL,133.7,65729700,1719.1,30.4,0.0158
2023-06-14,AMZN,209.47,45971474,2151.3,23.2,0.0056
2023-06-14,META,378.02,60202349,925.8,20.1,0.0155
2023-06-14,TSLA,306.48,70821788,1000.8,31.0,0.0196
2023-06-15,AAPL,205.66,50029534,3290.6,32.6,0.0061
2023-06-15,MSFT,375.97,22966749,2807.2,25.3,0.0078
2023-06-15,NVDA,471.93,27065010,1179.8,25.4,0.0072
2023-06-15,GOOGL,134.63,68065635,1730.9,26.7,0.0011
2023-06-15,AMZN,213.65,27418708,2194.3,25.7,0.0111
2023-06-15,META,391.34,58985678,958.4,28.5,0.0054
2023-06-15,TSLA,309.17,44354022,1009.5,23.2,0.0136
2023-06-16,AAPL,209.54,42363129,3352.6,33.6,0.0031
2023-06-16,MSFT,384.56,78251611,2871.3,26.6,0.001
2023-06-16,NVDA,466.73,54863381,1166.8,24.4,0.0163
2023-06-16,GOOGL,133.16,68186682,1712.0,30.2,0.0126
2023-06-16,AMZN,210.5,50820994,2161.9,23.4,0.0098
2023-06-16,META,398.28,58012505,975.4,27.7,0.0098
2023-06-16,TSLA,307.79,76579615,1005.0,37.5,0.0071
2023-06-19,AAPL,212.18,37932327,3394.8,28.5,0.0008
2023-06-19,MSFT,376.6,73757974,2811.9,37.8,0.015
2023-06-19,NVDA,461.98,73408975,1154.9,25.4,0.0112
2023-06-19,GOOGL,130.14,58216617,1673.3,30.8,0.0169
2023-06-19,AMZN,206.46,70583307,2120.4,35.5,0.0033
2023-06-19,META,409.84,56420773,1003.7,36.1,0.0196
2023-06-19,TSLA,310.35,20595614,1013.4,33.9,0.0114
2023-06-20,AAPL,217.48,66577614,3479.6,27.5,0.0079
2023-06-20,MSFT,372.63,69601113,2782.3,21.8,0.0149
2023-06-20,NVDA,463.84,79780563,1159.6,26.1,0.0043
2023-06-20,GOOGL,131.99,58855441,1697.0,28.8,0.0097
2023-06-20,AMZN,208.0,69130130,2136.3,34.1,0.0177
2023-06-20,META,406.49,46917636,995.5,26.8,0.0078
2023-06-20,TSLA,316.93,62311695,1034.9,28.4,0.0199
2023-06-21,AAPL,213.55,75307802,3416.8,30.7,0.0084
2023-06-21,MSFT,369.25,70376617,2757.1,20.5,0.0196
2023-06-21,NVDA,466.39,79126782,1166.0,28.5,0.0115
2023-06-21,GOOGL,128.4,60392525,1650.9,27.6,0.0025
2023-06-21,AMZN,207.85,55669409,2134.7,30.9,0.0175
2023-06-21,META,409.57,59578241,1003.0,29.2,0.0079
2023-06-21,TSLA,317.06,79947652,1035.3,26.6,0.0077
2023-06-22,AAPL,211.93,53840088,3390.9,22.6,0.0025
2023-06-22,MSFT,382.54,56244461,2856.3,20.4,0.0055
2023-06-22,NVDA,464.2,56265613,1160.5,26.3,0.0061
2023-06-22,GOOGL,129.98,26934030,1671.2,19.3,0.0084
2023-06-22,AMZN,213.25,46517821,2190.1,25.3,0.0175
2023-06-22,META,413.74,62080027,1013.2,27.7,0.012
2023-06-22,TSLA,316.47,35542588,1033.4,21.4,0.0009
2023-06-23,AAPL,211.15,39497551,3378.4,34.2,0.0154
2023-06-23,MSFT,381.46,77618266,2848.2,19.5,0.0036
2023-06-23,NVDA,452.36,48615198,1130.9,28.3,0.0059
2023-06-23,GOOGL,130.71,40341648,1680.6,23.6,0.0114
2023-06-23,AMZN,206.77,28070670,2123.6,26.0,0.0154
2023-06-23,META,413.56,46891511,1012.8,27.9,0.01
2023-06-23,TSLA,317.72,44173953,1037.5,30.0,0.0137
2023-06-26,AAPL,223.38,41858171,3574.1,22.3,0.0071
2023-06-26,MSFT,380.32,58871271,2839.7,18.6,0.0102
2023-06-26,NVDA,458.82,74941887,1147.0,31.1,0.0135
2023-06-26,GOOGL,131.42,70474085,1689.7,28.3,0.0147
2023-06-26,AMZN,203.0,49522727,2084.9,31.1,0.0117
2023-06-26,META,409.96,50447961,1004.0,32.7,0.0037
2023-06-26,TSLA,321.25,23218872,1049.0,29.0,0.0024
2023-06-27,AAPL,222.03,58088317,3552.5,35.5,0.0134
2023-06-27,MSFT,386.32,50035215,2884.6,26.7,0.0031
2023-06-27,NVDA,464.83,69682771,1162.1,26.0,0.0082
2023-06-27,GOOGL,134.6,59150533,1730.6,31.5,0.0164
2023-06-27,AMZN,203.1,39823054,2085.9,31.1,0.0113
2023-06-27,META,400.48,52418521,980.8,22.3,0.0074
2023-06-27,TSLA,328.56,31035660,1072.8,35.3,0.0026
2023-06-28,AAPL,223.53,41762766,3576.5,27.0,0.0
2023-06-28,MSFT,389.92,43622643,2911.4,28.1,0.0011
2023-06-28,NVDA,478.5,35959434,1196.2,28.3,0.0068
2023-06-28,GOOGL,133.94,33323358,1722.0,27.5,0.0099
2023-06-28,AMZN,205.34,58394661,2108.9,26.2,0.002
2023-06-28,META,398.47,69378774,975.8,25.8,0.0042
2023-06-28,TSLA,322.95,77398046,1054.5,28.0,0.0077
2023-06-29,AAPL,225.17,25847733,3602.7,33.9,0.0081
2023-06-29,MSFT,400.25,33166570,2988.5,25.3,0.0026
2023-06-29,NVDA,478.59,72166188,1196.5,29.7,0.0005
2023-06-29,GOOGL,132.45,66480087,1702.9,28.2,0.004
2023-06-29,AMZN,198.58,46451635,2039.5,34.1,0.0013
2023-06-29,META,399.91,71772719,979.4,24.8,0.0105
2023-06-29,TSLA,329.72,49316111,1076.6,26.2,0.006
2023-06-30,AAPL,219.5,49178349,3512.0,29.4,0.0193
2023-06-30,MSFT,397.73,35352369,2969.7,36.5,0.0195
2023-06-30,NVDA,473.01,44832058,1182.5,32.3,0.0175
2023-06-30,GOOGL,132.32,72464196,1701.3,29.0,0.0191
2023-06-30,AMZN,201.63,39989032,2070.8,29.1,0.0107
2023-06-30,META,402.69,79286376,986.2,34.1,0.0117
2023-06-30,TSLA,338.15,59654067,1104.2,27.1,0.0182
2023-07-03,AAPL,217.89,78105011,3486.3,20.5,0.0179
2023-07-03,MSFT,402.38,56025051,3004.4,28.9,0.0015
2023-07-03,NVDA,469.53,71684734,1173.8,23.7,0.0069
2023-07-03,GOOGL,131.8,64278276,1694.6,31.1,0.0093
2023-07-03,AMZN,203.0,26936884,2084.9,24.3,0.017
2023-07-03,META,374.55,65898850,917.3,24.6,0.0072
2023-07-03,TSLA,344.58,33616077,1125.2,27.1,0.0194
2023-07-04,AAPL,216.36,26143682,3461.8,26.2,0.002
2023-07-04,MSFT,400.32,23986976,2989.1,28.6,0.0095
2023-07-04,NVDA,475.26,21765633,1188.2,21.3,0.0151
2023-07-04,GOOGL,128.58,28187055,1653.1,30.3,0.0113
2023-07-04,AMZN,200.86,73987542,2062.9,27.7,0.0075
2023-07-04,META,380.77,35109762,932.5,27.5,0.0101
2023-07-04,TSLA,346.8,46541597,1132.4,26.8,0.0112
2023-07-05,AAPL,213.18,67207150,3411.0,31.2,0.0177
2023-07-05,MSFT,407.72,77620239,3044.3,29.9,0.0099
2023-07-05,NVDA,488.07,67327115,1220.2,34.3,0.006
2023-07-05,GOOGL,131.93,29376833,1696.3,34.3,0.0015
2023-07-05,AMZN,199.1,69309318,2044.8,33.4,0.001
2023-07-05,META,375.84,20563214,920.4,24.6,0.0176
2023-07-05,TSLA,347.3,55931794,1134.0,35.3,0.0189
2023-07-06,AAPL,214.14,61210817,3426.2,27.4,0.0172
2023-07-06,MSFT,401.19,60745630,2995.5,29.1,0.0124
2023-07-06,NVDA,479.73,49916070,1199.3,21.7,0.0034
2023-07-06,GOOGL,133.02,49993366,1710.3,31.3,0.0182
2023-07-06,AMZN,197.96,20426284,2033.1,32.6,0.0025
2023-07-06,META,360.04,27469321,881.7,28.1,0.0115
2023-07-06,TSLA,352.08,55029677,1149.6,23.1,0.0063
2023-07-07,AAPL,215.37,43226741,3445.9,22.0,0.0142
2023-07-07,MSFT,398.82,34933041,2977.9,27.8,0.0174
2023-07-07,NVDA,487.35,50357477,1218.4,30.8,0.0141
2023-07-07,GOOGL,131.16,77548622,1686.3,22.7,0.0136
2023-07-07,AMZN,193.95,53694566,1992.0,34.0,0.0166
2023-07-07,META,358.1,38327463,877.0,20.1,0.0027
2023-07-07,TSLA,343.18,36366506,1120.6,25.5,0.0042
2023-07-10,AAPL,213.61,79365794,3417.7,33.0,0.0151
2023-07-10,MSFT,401.56,76186793,2998.3,23.8,0.0006
2023-07-10,NVDA,498.98,53166458,1247.5,28.3,0.0179
2023-07-10,GOOGL,128.9,34917055,1657.3,19.3,0.0123
2023-07-10,AMZN,192.03,26231575,1972.2,21.7,0.0155
2023-07-10,META,367.94,37818948,901.1,35.6,0.0011
2023-07-10,TSLA,345.74,70084711,1129.0,22.9,0.0061
2023-07-11,AAPL,218.35,33874157,3493.6,35.5,0.0108
2023-07-11,MSFT,406.56,50703765,3035.6,33.3,0.0143
2023-07-11,NVDA,497.21,60634262,1243.0,26.3,0.0006
2023-07-11,GOOGL,128.75,25621231,1655.4,26.2,0.0004
2023-07-11,AMZN,190.45,49139267,1956.0,29.4,0.0192
2023-07-11,META,374.22,54011128,916.5,24.0,0.0085
2023-07-11,TSLA,345.81,58970465,1129.2,26.7,0.0036
2023-07-12,AAPL,222.15,63423212,3554.3,29.4,0.0
2023-07-12,MSFT,403.05,69142153,3009.4,33.0,0.0008
2023-07-12,NVDA,515.95,58028159,1289.9,28.8,0.0199
2023-07-12,GOOGL,129.5,77673904,1665.0,28.2,0.0024
2023-07-12,AMZN,190.1,57334586,1952.4,21.1,0.0159
2023-07-12,META,363.72,57051833,890.8,32.4,0.0172
2023-07-12,TSLA,346.36,46038444,1131.0,33.7,0.0006
2023-07-13,AAPL,224.17,48447527,3586.8,32.8,0.0044
2023-07-13,MSFT,390.07,48843746,2912.5,34.9,0.0137
2023-07-13,NVDA,527.12,66559400,1317.8,27.2,0.0013
2023-07-13,GOOGL,127.03,47002161,1633.2,26.4,0.012
2023-07-13,AMZN,190.62,39021322,1957.7,23.9,0.0109
2023-07-13,META,370.87,27789827,908.3,20.7,0.0128
2023-07-13,TSLA,355.5,33456337,1160.8,26.4,0.0176
2023-07-14,AAPL,224.21,63115015,3587.4,21.3,0.0122
2023-07-14,MSFT,392.51,33537232,2930.7,19.5,0.0075
2023-07-14,NVDA,539.48,42569828,1348.7,23.2,0.0107
2023-07-14,GOOGL,126.33,55872749,1624.3,27.6,0.0174
2023-07-14,AMZN,191.79,45764091,1969.7,29.6,0.017
2023-07-14,META,389.99,57668101,955.1,31.0,0.0049
2023-07-14,TSLA,344.55,79407868,1125.1,31.4,0.0094
2023-07-17,AAPL,227.32,21244102,3637.1,30.0,0.004
2023-07-17,MSFT,394.79,41134939,2947.7,15.4,0.0164
2023-07-17,NVDA,525.62,75223881,1314.0,21.5,0.0155
2023-07-17,GOOGL,123.46,42424873,1587.3,27.5,0.012
2023-07-17,AMZN,192.64,52670378,1978.5,27.3,0.0019
2023-07-17,META,386.24,48576037,945.9,21.3,0.0079
2023-07-17,TSLA,347.4,26404317,1134.4,31.9,0.0089
2023-07-18,AAPL,222.57,77066801,3561.1,28.6,0.0165
2023-07-18,MSFT,391.27,64824534,2921.5,20.4,0.0138
2023-07-18,NVDA,517.1,54616491,1292.8,22.9,0.0071
2023-07-18,GOOGL,120.11,28956928,1544.3,25.2,0.0016
2023-07-18,AMZN,197.16,62654396,2024.9,28.7,0.0096
2023-07-18,META,383.63,72785348,939.5,27.9,0.0031
2023-07-18,TSLA,348.76,70932094,1138.8,31.6,0.0165
2023-07-19,AAPL,220.31,75351949,3524.9,22.8,0.0167
2023-07-19,MSFT,401.37,35182906,2996.9,22.0,0.02
2023-07-19,NVDA,518.79,25391469,1297.0,32.0,0.0038
2023-07-19,GOOGL,125.18,78818171,1609.5,36.9,0.006
2023-07-19,AMZN,200.34,71524385,2057.5,20.9,0.0147
2023-07-19,META,393.13,33961155,962.8,34.0,0.0097
2023-07-19,TSLA,350.55,64064455,1144.6,21.3,0.0185
2023-07-20,AAPL,232.65,71715511,3722.5,28.3,0.011
2023-07-20,MSFT,397.22,73805549,2965.9,27.2,0.0106
2023-07-20,NVDA,501.66,49676430,1254.2,34.0,0.0176
2023-07-20,GOOGL,125.26,72641137,1610.5,24.2,0.0131
2023-07-20,AMZN,199.42,23952694,2048.0,20.5,0.0195
2023-07-20,META,388.72,24345253,952.0,38.4,0.0116
2023-07-20,TSLA,349.63,54878205,1141.6,33.8,0.014
2023-07-21,AAPL,218.83,43738567,3501.4,23.9,0.0142
2023-07-21,MSFT,412.89,76755809,3082.9,19.1,0.0136
2023-07-21,NVDA,489.03,56182681,1222.6,32.1,0.0081
2023-07-21,GOOGL,123.8,60829350,1591.7,31.0,0.0198
2023-07-21,AMZN,198.63,43787537,2039.9,29.2,0.0179
2023-07-21,META,394.43,71761300,966.0,36.2,0.0145
2023-07-21,TSLA,343.35,56131085,1121.1,22.3,0.0026
2023-07-24,AAPL,220.9,49076434,3534.4,25.6,0.0104
2023-07-24,MSFT,396.15,79088356,2957.9,30.3,0.0073
2023-07-24,NVDA,497.97,41907515,1244.9,27.8,0.012
2023-07-24,GOOGL,127.28,42707383,1636.5,26.7,0.0072
2023-07-24,AMZN,199.85,53616526,2052.5,26.2,0.012
2023-07-24,META,389.07,32369323,952.8,24.3,0.0088
2023-07-24,TSLA,341.61,38336423,1115.5,26.4,0.0036
2023-07-25,AAPL,220.45,54628092,3527.2,30.7,0.0056
2023-07-25,MSFT,404.07,61219085,3017.1,30.8,0.0028
2023-07-25,NVDA,492.34,47332277,1230.8,29.2,0.0021
2023-07-25,GOOGL,125.83,32532489,1617.8,28.3,0.0124
2023-07-25,AMZN,203.17,54465028,2086.6,34.4,0.0009
2023-07-25,META,381.88,53452529,935.2,27.4,0.0109
2023-07-25,TSLA,342.99,54435740,1120.0,24.5,0.0066
2023-07-26,AAPL,217.85,25381627,3485.5,20.8,0.0086
2023-07-26,MSFT,405.47,69064768,3027.5,30.5,0.0101
2023-07-26,NVDA,483.14,71967591,1207.8,34.3,0.017
2023-07-26,GOOGL,128.56,23158049,1652.9,33.2,0.0041
2023-07-26,AMZN,200.2,36627573,2056.1,22.4,0.0065
2023-07-26,META,379.59,22964835,929.6,25.8,0.0188
2023-07-26,TSLA,336.17,49209808,1097.7,31.0,0.0048
2023-07-27,AAPL,214.66,30398206,3434.6,23.4,0.0167
2023-07-27,MSFT,407.47,25823577,3042.4,25.9,0.0185
2023-07-27,NVDA,470.4,75474043,1176.0,24.2,0.0023
2023-07-27,GOOGL,128.67,37659815,1654.3,30.6,0.0162
2023-07-27,AMZN,203.0,73348263,2084.8,26.9,0.0122
2023-07-27,META,387.0,61333347,947.8,25.7,0.0084
2023-07-27,TSLA,347.14,63799654,1133.5,40.9,0.0052
2023-07-28,AAPL,219.56,44333841,3513.0,27.4,0.0021
2023-07-28,MSFT,403.14,35320818,3010.1,19.3,0.0168
2023-07-28,NVDA,466.75,37883792,1166.9,19.3,0.0068
2023-07-28,GOOGL,131.66,34750094,1692.8,37.8,0.0064
2023-07-28,AMZN,202.47,41884485,2079.4,29.5,0.0112
2023-07-28,META,383.34,20636280,938.8,35.8,0.0145
2023-07-28,TSLA,338.52,20789742,1105.4,34.2,0.0185
2023-07-31,AAPL,217.13,60061406,3474.1,30.4,0.0081
2023-07-31,MSFT,391.69,48229557,2924.6,31.3,0.0001
2023-07-31,NVDA,467.23,76447801,1168.1,26.4,0.0025
2023-07-31,GOOGL,133.35,52010829,1714.5,21.3,0.0034
2023-07-31,AMZN,203.3,74268777,2088.0,20.9,0.0179
2023-07-31,META,392.69,24169242,961.7,24.5,0.008
2023-07-31,TSLA,345.56,22858809,1128.3,18.6,0.0007
2023-08-01,AAPL,218.71,59852284,3499.3,27.4,0.0049
2023-08-01,MSFT,394.28,60507248,2944.0,26.3,0.0164
2023-08-01,NVDA,459.68,36532843,1149.2,27.5,0.0187
2023-08-01,GOOGL,132.96,61524074,1709.5,31.9,0.0072
2023-08-01,AMZN,200.81,31520264,2062.4,22.7,0.0057
2023-08-01,META,388.24,33209438,950.8,26.6,0.0003
2023-08-01,TSLA,334.02,53195199,1090.7,22.2,0.0006
2023-08-02,AAPL,214.38,30965036,3430.1,31.2,0.0077
2023-08-02,MSFT,402.74,79384304,3007.1,28.4,0.0029
2023-08-02,NVDA,453.96,61588726,1134.9,37.4,0.0192
2023-08-02,GOOGL,133.92,55533110,1721.8,36.0,0.0164
2023-08-02,AMZN,199.78,72581797,2051.8,22.1,0.0118
2023-08-02,META,397.59,40389859,973.7,25.1,0.0181
2023-08-02,TSLA,340.56,73775420,1112.0,28.5,0.0181
2023-08-03,AAPL,210.87,24875713,3374.0,23.0,0.0043
2023-08-03,MSFT,411.76,60385815,3074.5,24.8,0.0016
2023-08-03,NVDA,437.04,26126610,1092.6,17.1,0.0012
2023-08-03,GOOGL,132.09,25113008,1698.3,31.6,0.0044
2023-08-03,AMZN,200.94,28774142,2063.7,21.9,0.018
2023-08-03,META,403.24,41179617,987.5,25.8,0.0172
2023-08-03,TSLA,338.45,71400621,1105.1,17.2,0.0178
2023-08-04,AAPL,215.79,20338678,3452.7,23.3,0.0189
2023-08-04,MSFT,402.39,58699394,3004.5,23.0,0.0053
2023-08-04,NVDA,414.13,53409820,1035.3,35.3,0.0195
2023-08-04,GOOGL,131.39,48223687,1689.3,35.5,0.0142
2023-08-04,AMZN,197.66,64892756,2030.1,27.7,0.007
2023-08-04,META,402.48,21033536,985.7,21.6,0.0121
2023-08-04,TSLA,328.93,41102055,1074.1,31.8,0.0041
2023-08-07,AAPL,223.4,60627464,3574.4,28.3,0.0053
2023-08-07,MSFT,395.92,47985436,2956.2,23.1,0.0143
2023-08-07,NVDA,429.56,78795678,1073.9,33.6,0.0061
2023-08-07,GOOGL,128.1,53299442,1647.0,25.8,0.0057
2023-08-07,AMZN,195.06,74708759,2003.3,29.4,0.0164
2023-08-07,META,411.83,72384119,1008.6,20.7,0.0125
2023-08-07,TSLA,330.98,36029902,1080.7,23.5,0.0172
2023-08-08,AAPL,214.77,72533583,3436.4,18.9,0.0144
2023-08-08,MSFT,404.14,76516227,3017.6,28.8,0.0001
2023-08-08,NVDA,424.9,21096499,1062.3,22.9,0.0066
2023-08-08,GOOGL,124.4,59316025,1599.4,27.1,0.0071
2023-08-08,AMZN,190.56,45013600,1957.1,25.0,0.0009
2023-08-08,META,409.44,33012513,1002.7,24.2,0.0178
2023-08-08,TSLA,337.11,24275076,1100.8,20.1,0.0185
2023-08-09,AAPL,213.71,27451801,3419.3,30.9,0.0127
2023-08-09,MSFT,390.81,29924137,2918.0,35.8,0.0186
2023-08-09,NVDA,421.03,69715684,1052.6,22.1,0.0066
2023-08-09,GOOGL,125.01,41581319,1607.2,27.0,0.0133
2023-08-09,AMZN,185.17,57325338,1901.7,29.8,0.0022
2023-08-09,META,421.02,40655841,1031.1,24.4,0.0012
2023-08-09,TSLA,335.66,71636390,1096.0,25.0,0.0018
2023-08-10,AAPL,213.81,23039651,3420.9,26.4,0.011
2023-08-10,MSFT,388.81,28319803,2903.1,38.4,0.0146
2023-08-10,NVDA,422.09,43991281,1055.2,18.4,0.0179
2023-08-10,GOOGL,125.42,53317440,1612.5,35.0,0.012
2023-08-10,AMZN,189.4,31034233,1945.2,33.8,0.0006
2023-08-10,META,415.72,59094915,1018.1,27.7,0.0015
2023-08-10,TSLA,333.68,27709068,1089.6,38.1,0.001
2023-08-11,AAPL,209.36,51316621,3349.8,37.3,0.005
2023-08-11,MSFT,384.78,52597312,2873.1,29.5,0.0154
2023-08-11,NVDA,421.97,53261824,1054.9,26.4,0.0106
2023-08-11,GOOGL,130.93,61214703,1683.3,33.6,0.0145
2023-08-11,AMZN,191.17,66216042,1963.4,30.5,0.0165
2023-08-11,META,418.24,61751971,1024.3,25.9,0.0165
2023-08-11,TSLA,329.36,61281932,1075.5,25.7,0.0092
2023-08-14,AAPL,204.19,71585916,3267.0,30.7,0.0016
2023-08-14,MSFT,390.4,35810047,2915.0,25.7,0.0166
2023-08-14,NVDA,416.35,58192048,1040.9,30.1,0.0145
2023-08-14,GOOGL,129.86,71310056,1669.6,31.1,0.0034
2023-08-14,AMZN,197.18,42514865,2025.1,28.3,0.0127
2023-08-14,META,411.64,62287761,1008.1,39.9,0.0154
2023-08-14,TSLA,321.2,55388673,1048.8,20.0,0.0173
2023-08-15,AAPL,202.18,56086483,3235.0,27.1,0.0154
2023-08-15,MSFT,396.85,37800187,2963.1,29.5,0.0199
2023-08-15,NVDA,416.76,51677931,1041.9,29.0,0.0064
2023-08-15,GOOGL,128.08,26604454,1646.7,32.0,0.0159
2023-08-15,AMZN,195.78,78049097,2010.7,21.3,0.0129
2023-08-15,META,410.47,56219372,1005.2,37.0,0.0095
2023-08-15,TSLA,328.51,62753660,1072.7,20.7,0.0007
2023-08-16,AAPL,203.8,40676548,3260.8,37.3,0.0029
2023-08-16,MSFT,393.15,69824651,2935.5,28.9,0.0051
2023-08-16,NVDA,406.07,34740257,1015.2,28.9,0.0054
2023-08-16,GOOGL,131.91,57784501,1696.0,23.3,0.013
2023-08-16,AMZN,191.07,21376945,1962.4,25.7,0.0071
2023-08-16,META,420.84,54245752,1030.6,24.4,0.0089
2023-08-16,TSLA,334.58,57005638,1092.5,18.8,0.0009
2023-08-17,AAPL,203.72,38527391,3259.6,29.6,0.0036
2023-08-17,MSFT,392.21,27955757,2928.5,26.5,0.0105
2023-08-17,NVDA,405.09,50896690,1012.7,30.4,0.0113
2023-08-17,GOOGL,133.02,37445969,1710.3,33.8,0.0093
2023-08-17,AMZN,190.96,37164858,1961.2,24.8,0.012
2023-08-17,META,421.66,26066542,1032.6,31.9,0.0034
2023-08-17,TSLA,333.91,27236319,1090.3,37.7,0.0104
2023-08-18,AAPL,203.4,50643489,3254.5,31.1,0.008
2023-08-18,MSFT,380.22,25968904,2838.9,28.6,0.0052
2023-08-18,NVDA,415.39,54154900,1038.5,40.5,0.0036
2023-08-18,GOOGL,134.3,65703556,1726.7,27.1,0.0077
2023-08-18,AMZN,191.42,33155858,1965.9,33.1,0.0136
2023-08-18,META,414.81,74613092,1015.9,30.6,0.0184
2023-08-18,TSLA,330.82,22881413,1080.2,29.5,0.0162
2023-08-21,AAPL,199.8,22728200,3196.9,38.9,0.0108
2023-08-21,MSFT,390.61,33909464,2916.5,25.8,0.0023
2023-08-21,NVDA,411.15,59406450,1027.9,34.5,0.0195
2023-08-21,GOOGL,134.31,68393159,1726.8,29.5,0.0157
2023-08-21,AMZN,194.71,32036934,1999.7,26.4,0.0069
2023-08-21,META,408.85,75599455,1001.3,22.7,0.0036
2023-08-21,TSLA,324.67,64116783,1060.2,29.1,0.0018
2023-08-22,AAPL,196.43,55342839,3142.9,26.2,0.0103
2023-08-22,MSFT,386.65,78856279,2887.0,29.5,0.0076
2023-08-22,NVDA,411.24,36744921,1028.1,27.3,0.0101
2023-08-22,GOOGL,132.64,30676136,1705.3,31.7,0.0065
2023-08-22,AMZN,193.31,43619246,1985.4,35.9,0.009
2023-08-22,META,398.73,49759281,976.5,39.3,0.0136
2023-08-22,TSLA,319.36,44826626,1042.8,25.5,0.0083
2023-08-23,AAPL,196.11,28007953,3137.8,19.6,0.0043
2023-08-23,MSFT,391.79,77358045,2925.4,26.1,0.0113
2023-08-23,NVDA,419.23,43273402,1048.1,26.0,0.0062
2023-08-23,GOOGL,132.31,73203831,1701.1,30.8,0.0095
2023-08-23,AMZN,192.7,36546104,1979.0,20.2,0.0007
2023-08-23,META,406.3,21347597,995.0,32.8,0.0155
2023-08-23,TSLA,315.33,46822691,1029.6,17.7,0.015
2023-08-24,AAPL,195.09,56053435,3121.4,19.9,0.0193
2023-08-24,MSFT,401.78,73946925,2999.9,29.1,0.0102
2023-08-24,NVDA,428.86,33622118,1072.2,18.5,0.0007
2023-08-24,GOOGL,135.64,52331983,1743.9,22.0,0.004
2023-08-24,AMZN,189.28,33855632,1943.9,24.0,0.0011
2023-08-24,META,417.68,44739800,1022.9,26.8,0.0168
2023-08-24,TSLA,311.49,59351212,1017.1,26.8,0.0097
2023-08-25,AAPL,189.52,58876176,3032.3,25.4,0.0124
2023-08-25,MSFT,401.48,70899576,2997.7,34.5,0.0125
2023-08-25,NVDA,434.56,65019992,1086.4,28.8,0.0034
2023-08-25,GOOGL,129.87,79386428,1669.8,36.4,0.0036
2023-08-25,AMZN,192.64,22187038,1978.5,23.1,0.0166
2023-08-25,META,438.13,44553697,1073.0,21.3,0.0107
2023-08-25,TSLA,312.44,38425371,1020.2,23.3,0.0099
2023-08-28,AAPL,187.52,33643870,3000.3,28.8,0.0156
2023-08-28,MSFT,397.63,23323964,2968.9,32.3,0.0032
2023-08-28,NVDA,437.7,27608023,1094.3,30.1,0.019
2023-08-28,GOOGL,123.69,45235798,1590.3,23.7,0.0002
2023-08-28,AMZN,194.04,49525776,1992.9,25.8,0.0131
2023-08-28,META,442.96,55149486,1084.8,24.1,0.011
2023-08-28,TSLA,322.93,26926819,1054.5,23.1,0.0136
2023-08-29,AAPL,189.7,43962059,3035.2,31.3,0.0156
2023-08-29,MSFT,405.76,60042529,3029.7,29.7,0.012
2023-08-29,NVDA,429.82,64564567,1074.5,38.5,0.0093
2023-08-29,GOOGL,120.92,59249451,1554.7,27.6,0.0008
2023-08-29,AMZN,191.27,67462316,1964.4,29.3,0.0048
2023-08-29,META,429.57,53329992,1052.0,37.2,0.0167
2023-08-29,TSLA,319.59,65137450,1043.6,19.3,0.0081
2023-08-30,AAPL,185.63,77315849,2970.0,20.8,0.0062
2023-08-30,MSFT,416.19,46346610,3107.6,25.6,0.0091
2023-08-30,NVDA,424.2,78930796,1060.5,38.5,0.0012
2023-08-30,GOOGL,119.79,45900540,1540.2,25.7,0.0191
2023-08-30,AMZN,192.97,41741826,1981.8,32.2,0.0165
2023-08-30,META,435.41,55731856,1066.3,25.9,0.0174
2023-08-30,TSLA,323.56,21600908,1056.5,31.7,0.0189
2023-08-31,AAPL,185.65,34776985,2970.4,32.9,0.0175
2023-08-31,MSFT,419.16,33436236,3129.7,26.5,0.0135
2023-08-31,NVDA,423.02,42354604,1057.5,33.2,0.0041
2023-08-31,GOOGL,117.23,50260629,1507.3,26.6,0.006
2023-08-31,AMZN,193.43,72710675,1986.6,21.6,0.0156
2023-08-31,META,436.41,67310455,1068.8,21.8,0.0033
2023-08-31,TSLA,324.01,42063421,1058.0,22.3,0.0099
2023-09-01,AAPL,194.84,26851255,3117.4,24.4,0.0181
2023-09-01,MSFT,423.21,68893913,3160.0,18.7,0.0003
2023-09-01,NVDA,424.78,77784085,1062.0,27.6,0.0098
2023-09-01,GOOGL,116.2,67617920,1494.0,28.9,0.014
2023-09-01,AMZN,190.2,35470058,1953.4,36.9,0.0001
2023-09-01,META,437.06,77130520,1070.4,34.3,0.0032
2023-09-01,TSLA,321.02,43173054,1048.2,23.9,0.0071
2023-09-04,AAPL,190.5,73736412,3048.1,26.7,0.0099
2023-09-04,MSFT,420.19,59790649,3137.4,34.1,0.0171
2023-09-04,NVDA,426.03,37151396,1065.1,24.5,0.0112
2023-09-04,GOOGL,117.11,43117311,1505.7,25.0,0.0108
2023-09-04,AMZN,189.06,42819284,1941.7,28.2,0.016
2023-09-04,META,428.41,57663088,1049.2,23.3,0.0033
2023-09-04,TSLA,326.5,78205790,1066.1,31.5,0.0138
2023-09-05,AAPL,190.19,33391662,3043.1,29.9,0.0157
2023-09-05,MSFT,402.99,51738966,3009.0,30.4,0.0156
2023-09-05,NVDA,438.11,44884358,1095.3,28.5,0.0143
2023-09-05,GOOGL,119.32,21243239,1534.1,34.1,0.0048
2023-09-05,AMZN,185.07,56411820,1900.7,30.8,0.005
2023-09-05,META,428.13,54055863,1048.5,23.9,0.0048
2023-09-05,TSLA,322.67,64119984,1053.6,21.6,0.0141
2023-09-06,AAPL,189.28,44973786,3028.5,25.5,0.0023
2023-09-06,MSFT,399.27,36574429,2981.3,23.9,0.0185
2023-09-06,NVDA,450.68,27309389,1126.7,33.1,0.0153
2023-09-06,GOOGL,120.65,50787868,1551.2,32.4,0.0049
2023-09-06,AMZN,187.86,56830970,1929.4,31.6,0.0086
2023-09-06,META,424.88,50566511,1040.5,28.7,0.0076
2023-09-06,TSLA,329.54,57288677,1076.1,31.0,0.0072
2023-09-07,AAPL,191.9,55109458,3070.4,22.2,0.0138
2023-09-07,MSFT,395.8,38113517,2955.3,29.7,0.0009
2023-09-07,NVDA,447.27,47302634,1118.2,24.3,0.0185
2023-09-07,GOOGL,121.1,57545619,1557.0,34.9,0.0056
2023-09-07,AMZN,193.82,25611851,1990.6,25.3,0.0014
2023-09-07,META,415.44,59540402,1017.4,31.1,0.0034
2023-09-07,TSLA,327.08,38369624,1068.0,32.7,0.0016
2023-09-08,AAPL,192.42,70821514,3078.8,26.1,0.0104
2023-09-08,MSFT,400.39,52882447,2989.5,27.1,0.0177
2023-09-08,NVDA,446.89,31753300,1117.2,31.9,0.0043
2023-09-08,GOOGL,119.73,76107940,1539.3,28.9,0.0001
2023-09-08,AMZN,195.17,71404022,2004.5,30.5,0.0169
2023-09-08,META,419.8,63334395,1028.1,40.0,0.0013
2023-09-08,TSLA,335.09,63584253,1094.2,23.5,0.0022
2023-09-11,AAPL,192.13,78706554,3074.1,17.5,0.0051
2023-09-11,MSFT,391.27,20601838,2921.5,21.4,0.0151
2023-09-11,NVDA,453.8,63507578,1134.5,27.1,0.0013
2023-09-11,GOOGL,122.41,50064609,1573.8,23.3,0.0172
2023-09-11,AMZN,188.7,53495110,1938.0,30.7,0.0169
2023-09-11,META,420.13,77880197,1028.9,23.4,0.0151
2023-09-11,TSLA,336.8,34247813,1099.7,26.8,0.0016
2023-09-12,AAPL,189.27,50499324,3028.3,23.9,0.0116
2023-09-12,MSFT,384.65,62342315,2872.1,24.4,0.0004
2023-09-12,NVDA,442.81,30118034,1107.0,28.6,0.013
2023-09-12,GOOGL,121.32,60401936,1559.9,25.9,0.0055
2023-09-12,AMZN,187.16,54403017,1922.2,33.6,0.0175
2023-09-12,META,426.04,60660594,1043.4,22.6,0.0137
2023-09-12,TSLA,337.18,62184361,1101.0,27.6,0.0101
2023-09-13,AAPL,187.23,79958998,2995.6,24.2,0.0091
2023-09-13,MSFT,381.92,22476017,2851.7,27.7,0.0014
2023-09-13,NVDA,456.73,73515531,1141.8,30.3,0.0045
2023-09-13,GOOGL,120.91,43028021,1554.6,30.3,0.0197
2023-09-13,AMZN,184.74,69051671,1897.3,27.7,0.0031
2023-09-13,META,428.68,42314799,1049.8,24.5,0.0073
2023-09-13,TSLA,333.82,66914846,1090.0,25.7,0.0194
2023-09-14,AAPL,189.65,20201444,3034.4,24.0,0.0122
2023-09-14,MSFT,386.29,28057605,2884.3,21.3,0.0122
2023-09-14,NVDA,459.76,64135138,1149.4,22.8,0.0055
2023-09-14,GOOGL,120.72,69828131,1552.2,29.3,0.0094
2023-09-14,AMZN,179.43,74726462,1842.8,29.0,0.0084
2023-09-14,META,438.14,35357371,1073.0,18.6,0.0125
2023-09-14,TSLA,334.32,23173606,1091.6,25.8,0.0093
2023-09-15,AAPL,190.12,39963967,3042.0,39.1,0.0162
2023-09-15,MSFT,387.97,55202084,2896.8,31.1,0.0172
2023-09-15,NVDA,446.34,62444801,1115.9,25.6,0.0113
2023-09-15,GOOGL,116.95,58540369,1503.7,29.0,0.0142
2023-09-15,AMZN,183.82,23678274,1887.8,26.8,0.0199
2023-09-15,META,433.71,29317515,1062.1,30.8,0.0175
2023-09-15,TSLA,324.53,41571100,1059.7,32.2,0.0148
2023-09-18,AAPL,187.66,37946889,3002.6,33.2,0.01
2023-09-18,MSFT,390.66,41977899,2916.9,29.1,0.0178
2023-09-18,NVDA,454.63,72498404,1136.6,20.9,0.0123
2023-09-18,GOOGL,113.58,22118601,1460.4,29.1,0.0168
2023-09-18,AMZN,176.93,28387421,1817.1,24.2,0.0043
2023-09-18,META,423.69,69465290,1037.6,22.6,0.0106
2023-09-18,TSLA,327.29,39553929,1068.7,19.1,0.0003
2023-09-19,AAPL,196.2,31782189,3139.3,28.5,0.0172
2023-09-19,MSFT,386.45,56241507,2885.5,29.3,0.0188
2023-09-19,NVDA,451.07,37705091,1127.7,36.1,0.0059
2023-09-19,GOOGL,113.74,75626971,1462.4,29.9,0.016
2023-09-19,AMZN,180.97,68404071,1858.6,34.4,0.0018
2023-09-19,META,421.31,75803246,1031.8,30.0,0.0055
2023-09-19,TSLA,324.21,57989290,1058.6,27.1,0.0109
2023-09-20,AAPL,194.11,52820807,3105.7,29.4,0.0175
2023-09-20,MSFT,374.29,45525811,2794.7,26.8,0.0166
2023-09-20,NVDA,448.88,77736772,1122.2,33.4,0.0046
2023-09-20,GOOGL,112.09,53695723,1441.1,24.8,0.0104
2023-09-20,AMZN,182.89,48762728,1878.4,25.6,0.0143
2023-09-20,META,416.69,54401409,1020.5,39.6,0.015
2023-09-20,TSLA,319.51,27435058,1043.3,21.3,0.011
2023-09-21,AAPL,197.46,33614200,3159.4,19.2,0.0167
2023-09-21,MSFT,367.49,58076022,2744.0,28.9,0.0011
2023-09-21,NVDA,438.98,30664529,1097.4,29.4,0.0192
2023-09-21,GOOGL,109.07,35280995,1402.3,34.2,0.0154
2023-09-21,AMZN,181.87,68130090,1867.9,27.3,0.0022
2023-09-21,META,422.28,49899633,1034.2,34.8,0.0152
2023-09-21,TSLA,317.6,75523466,1037.1,23.4,0.0185
2023-09-22,AAPL,195.87,73127436,3134.0,23.8,0.0123
2023-09-22,MSFT,370.15,20604397,2763.8,32.9,0.0131
2023-09-22,NVDA,445.22,63935420,1113.1,23.1,0.0087
2023-09-22,GOOGL,107.73,56524956,1385.1,30.5,0.0005
2023-09-22,AMZN,181.19,50237276,1860.9,27.5,0.0127
2023-09-22,META,417.29,63844424,1021.9,20.1,0.0047
2023-09-22,TSLA,310.38,75611419,1013.5,29.6,0.0186
2023-09-25,AAPL,196.7,23901839,3147.2,25.8,0.0103
2023-09-25,MSFT,363.71,26822928,2715.7,26.1,0.0073
2023-09-25,NVDA,437.01,72463578,1092.5,33.4,0.0133
2023-09-25,GOOGL,112.97,60086453,1452.5,25.2,0.01
2023-09-25,AMZN,179.04,40516217,1838.8,19.8,0.0059
2023-09-25,META,407.57,32288099,998.1,33.2,0.0023
2023-09-25,TSLA,307.0,71895404,1002.5,25.2,0.0171
2023-09-26,AAPL,199.34,38348993,3189.4,23.8,0.0002
2023-09-26,MSFT,358.58,35869226,2677.4,26.5,0.0165
2023-09-26,NVDA,436.89,38648745,1092.2,21.8,0.0096
2023-09-26,GOOGL,112.84,56696189,1450.8,32.3,0.0052
2023-09-26,AMZN,180.04,61254708,1849.0,31.2,0.0093
2023-09-26,META,410.64,43753274,1005.7,30.5,0.0029
2023-09-26,TSLA,305.63,51172200,998.0,32.6,0.0188
2023-09-27,AAPL,205.05,72246478,3280.9,33.8,0.0083
2023-09-27,MSFT,354.64,37838948,2648.0,31.9,0.0147
2023-09-27,NVDA,440.99,32481299,1102.5,18.9,0.0193
2023-09-27,GOOGL,118.25,33827385,1520.4,22.6,0.0031
2023-09-27,AMZN,182.74,23276210,1876.8,21.2,0.0033
2023-09-27,META,410.55,39810806,1005.4,27.8,0.016
2023-09-27,TSLA,312.24,69739259,1019.5,29.6,0.0179
2023-09-28,AAPL,205.89,73872181,3294.2,28.6,0.0029
2023-09-28,MSFT,350.07,31167806,2613.8,29.7,0.0198
2023-09-28,NVDA,441.14,42284049,1102.9,26.0,0.0155
2023-09-28,GOOGL,118.77,36488983,1527.0,38.5,0.0197
2023-09-28,AMZN,184.8,72077522,1898.0,31.5,0.0051
2023-09-28,META,404.58,30379769,990.8,18.7,0.0142
2023-09-28,TSLA,315.07,46888130,1028.8,37.8,0.0198
2023-09-29,AAPL,206.71,59153736,3307.4,22.8,0.0117
2023-09-29,MSFT,354.18,77890425,2644.5,31.7,0.0136
2023-09-29,NVDA,452.6,38318694,1131.5,24.3,0.0193
2023-09-29,GOOGL,119.41,31402087,1535.3,27.2,0.0045
2023-09-29,AMZN,188.32,57263242,1934.1,25.9,0.0122
2023-09-29,META,407.81,77228014,998.7,34.5,0.0065
2023-09-29,TSLA,315.92,56942177,1031.6,29.8,0.0005
2023-10-02,AAPL,205.47,63363958,3287.5,27.3,0.0097
2023-10-02,MSFT,360.0,72249612,2688.0,27.6,0.0009
2023-10-02,NVDA,453.35,62509873,1133.4,24.5,0.0198
2023-10-02,GOOGL,118.24,23649304,1520.2,24.0,0.0164
2023-10-02,AMZN,196.66,40880876,2019.8,32.0,0.0195
2023-10-02,META,406.31,70008409,995.1,26.0,0.0055
2023-10-02,TSLA,312.27,71461594,1019.6,25.7,0.0123
2023-10-03,AAPL,208.84,73474512,3341.5,32.5,0.0161
2023-10-03,MSFT,354.81,55054424,2649.3,26.2,0.005
2023-10-03,NVDA,456.82,64547254,1142.1,33.7,0.0062
2023-10-03,GOOGL,118.78,50046352,1527.1,35.1,0.0129
2023-10-03,AMZN,196.08,45932109,2013.8,27.1,0.0102
2023-10-03,META,411.84,30000846,1008.6,24.4,0.0104
2023-10-03,TSLA,319.16,26054470,1042.2,28.1,0.0125
2023-10-04,AAPL,212.79,37405970,3404.7,27.6,0.0097
2023-10-04,MSFT,355.14,36337677,2651.7,30.8,0.0021
2023-10-04,NVDA,449.18,50598049,1123.0,34.5,0.0117
2023-10-04,GOOGL,120.64,29199832,1551.1,24.7,0.0011
2023-10-04,AMZN,202.38,24586627,2078.5,39.9,0.0093
2023-10-04,META,400.76,73001147,981.4,27.6,0.01
2023-10-04,TSLA,316.52,49931387,1033.5,14.9,0.0117
2023-10-05,AAPL,210.4,28551279,3366.4,17.8,0.013
2023-10-05,MSFT,350.41,72716347,2616.4,25.9,0.0111
2023-10-05,NVDA,436.49,37332906,1091.2,25.8,0.0102
2023-10-05,GOOGL,121.97,61613520,1568.2,29.4,0.0024
2023-10-05,AMZN,208.95,24527108,2146.0,26.5,0.0147
2023-10-05,META,399.53,63687698,978.4,19.3,0.0121
2023-10-05,TSLA,311.95,67816973,1018.6,15.4,0.0037
2023-10-06,AAPL,214.54,65765582,3432.6,26.9,0.0182
2023-10-06,MSFT,340.84,72200066,2544.9,30.8,0.018
2023-10-06,NVDA,434.99,43267538,1087.5,40.6,0.0114
2023-10-06,GOOGL,121.19,79352232,1558.2,22.1,0.0075
2023-10-06,AMZN,212.64,47825042,2183.9,28.4,0.0186
2023-10-06,META,390.1,37490921,955.3,26.5,0.001
2023-10-06,TSLA,302.91,37698082,989.1,21.1,0.011
2023-10-09,AAPL,204.64,27291350,3274.3,33.6,0.0062
2023-10-09,MSFT,354.2,27881985,2644.7,31.0,0.0131
2023-10-09,NVDA,429.47,74574678,1073.7,31.5,0.0005
2023-10-09,GOOGL,123.42,56469909,1586.8,23.8,0.0108
2023-10-09,AMZN,211.42,52673698,2171.3,23.6,0.0044
2023-10-09,META,389.06,30392609,952.8,35.8,0.0022
2023-10-09,TSLA,310.45,29715690,1013.7,33.2,0.0052
2023-10-10,AAPL,203.71,78026241,3259.4,26.3,0.0109
2023-10-10,MSFT,358.47,54905589,2676.6,28.4,0.0013
2023-10-10,NVDA,432.66,35886956,1081.6,26.1,0.0067
2023-10-10,GOOGL,125.69,73593117,1616.0,26.6,0.0029
2023-10-10,AMZN,203.55,45672983,2090.5,35.6,0.0011
2023-10-10,META,396.54,51094793,971.1,23.4,0.0154
2023-10-10,TSLA,310.47,34639179,1013.8,25.2,0.0163
2023-10-11,AAPL,200.44,56230087,3207.1,32.3,0.0157
2023-10-11,MSFT,356.01,20342090,2658.2,30.7,0.0194
2023-10-11,NVDA,436.96,52937641,1092.4,30.5,0.0157
2023-10-11,GOOGL,124.81,79950712,1604.8,23.8,0.0067
2023-10-11,AMZN,198.43,32555001,2038.0,39.0,0.0019
2023-10-11,META,409.31,77400965,1002.4,23.3,0.012
2023-10-11,TSLA,307.82,49890509,1005.1,23.7,0.0154
2023-10-12,AAPL,196.02,53310618,3136.3,35.7,0.0195
2023-10-12,MSFT,361.19,53230012,2696.9,27.2,0.0064
2023-10-12,NVDA,452.43,20754188,1131.1,32.7,0.017
2023-10-12,GOOGL,125.64,35999222,1615.3,18.4,0.0108
2023-10-12,AMZN,197.95,48680184,2033.0,34.1,0.0024
2023-10-12,META,405.45,75513069,992.9,25.6,0.0165
2023-10-12,TSLA,302.47,60201587,987.7,21.5,0.0043
2023-10-13,AAPL,197.03,34915744,3152.5,29.9,0.0036
2023-10-13,MSFT,359.96,78874138,2687.7,29.5,0.0188
2023-10-13,NVDA,470.41,52354320,1176.0,24.8,0.0036
2023-10-13,GOOGL,124.15,42303657,1596.2,28.8,0.0113
2023-10-13,AMZN,197.77,21759294,2031.1,29.3,0.017
2023-10-13,META,398.51,69341771,975.9,26.2,0.0137
2023-10-13,TSLA,303.54,25828015,991.2,27.0,0.0161
2023-10-16,AAPL,205.04,24053007,3280.6,27.6,0.0123
2023-10-16,MSFT,372.97,38390081,2784.9,34.2,0.0112
2023-10-16,NVDA,487.47,26287982,1218.7,30.1,0.004
2023-10-16,GOOGL,126.39,63228660,1625.0,29.2,0.0106
2023-10-16,AMZN,200.36,78287149,2057.8,24.3,0.0164
2023-10-16,META,404.04,24467049,989.5,30.1,0.0013
2023-10-16,TSLA,295.94,65645090,966.3,34.5,0.0113
2023-10-17,AAPL,204.65,74603129,3274.4,35.6,0.0111
2023-10-17,MSFT,368.77,67578142,2753.5,19.3,0.0111
2023-10-17,NVDA,504.53,29676093,1261.3,35.6,0.0163
2023-10-17,GOOGL,125.75,31023505,1616.7,28.5,0.002
2023-10-17,AMZN,201.8,37757974,2072.6,29.0,0.0182
2023-10-17,META,386.38,65971762,946.2,35.1,0.0199
2023-10-17,TSLA,299.11,65404444,976.7,23.0,0.0038
2023-10-18,AAPL,207.79,76169137,3324.7,34.5,0.0188
2023-10-18,MSFT,371.03,52746597,2770.4,32.4,0.015
2023-10-18,NVDA,507.96,39772672,1269.9,27.9,0.005
2023-10-18,GOOGL,124.83,32938579,1605.0,38.0,0.0011
2023-10-18,AMZN,198.91,35947503,2042.8,28.2,0.0029
2023-10-18,META,379.58,59384225,929.6,23.5,0.0018
2023-10-18,TSLA,290.7,39332468,949.2,30.6,0.0088
2023-10-19,AAPL,213.8,44373870,3420.7,34.1,0.002
2023-10-19,MSFT,371.67,28389737,2775.1,30.7,0.006
2023-10-19,NVDA,526.56,58047514,1316.4,29.0,0.0014
2023-10-19,GOOGL,127.22,73122312,1635.7,26.0,0.0075
2023-10-19,AMZN,204.66,48190393,2101.9,26.4,0.0043
2023-10-19,META,388.1,34479055,950.5,34.2,0.0022
2023-10-19,TSLA,290.57,73331277,948.8,24.1,0.0025
2023-10-20,AAPL,217.2,32080172,3475.2,28.9,0.0084
2023-10-20,MSFT,376.83,25036590,2813.6,39.4,0.0173
2023-10-20,NVDA,532.98,59706257,1332.4,35.1,0.0007
2023-10-20,GOOGL,126.48,44492452,1626.2,24.1,0.0099
2023-10-20,AMZN,206.53,79108368,2121.1,12.5,0.0111
2023-10-20,META,385.98,34473639,945.3,33.9,0.0093
2023-10-20,TSLA,292.04,52839371,953.6,27.0,0.0039
2023-10-23,AAPL,220.18,41833194,3522.9,41.4,0.0118
2023-10-23,MSFT,382.74,24410093,2857.8,35.0,0.0116
2023-10-23,NVDA,543.03,69601468,1357.6,20.4,0.0114
2023-10-23,GOOGL,125.97,63584295,1619.6,29.5,0.0133
2023-10-23,AMZN,206.57,70140237,2121.5,30.8,0.0195
2023-10-23,META,394.9,38020423,967.1,34.0,0.0109
2023-10-23,TSLA,289.04,33014757,943.8,29.5,0.0013
2023-10-24,AAPL,220.36,36765190,3525.8,24.6,0.0115
2023-10-24,MSFT,386.72,60316882,2887.5,31.3,0.0018
2023-10-24,NVDA,541.45,26120101,1353.6,29.5,0.01
2023-10-24,GOOGL,123.65,70850011,1589.8,32.5,0.0084
2023-10-24,AMZN,205.95,76836248,2115.2,38.1,0.0001
2023-10-24,META,411.02,60835239,1006.6,25.8,0.0102
2023-10-24,TSLA,297.79,53237049,972.4,24.3,0.0037
2023-10-25,AAPL,221.39,39543303,3542.3,34.0,0.0103
2023-10-25,MSFT,389.69,54899363,2909.7,26.6,0.0176
2023-10-25,NVDA,532.89,79132298,1332.2,10.7,0.0117
2023-10-25,GOOGL,123.11,28283516,1582.9,27.1,0.0055
2023-10-25,AMZN,208.03,76171711,2136.6,32.6,0.0034
2023-10-25,META,411.95,21957805,1008.9,20.2,0.0079
2023-10-25,TSLA,299.46,23155609,977.8,19.3,0.0173
2023-10-26,AAPL,215.26,27503081,3444.1,29.5,0.0094
2023-10-26,MSFT,384.94,69573800,2874.2,41.5,0.0196
2023-10-26,NVDA,539.56,25435535,1348.9,28.0,0.018
2023-10-26,GOOGL,122.92,30304967,1580.4,33.8,0.0052
2023-10-26,AMZN,207.94,38833510,2135.6,25.2,0.018
2023-10-26,META,405.49,78126133,993.0,19.9,0.0127
2023-10-26,TSLA,298.9,30069190,976.0,23.0,0.0145
2023-10-27,AAPL,213.91,44471906,3422.6,26.4,0.0092
2023-10-27,MSFT,379.8,50107239,2835.8,23.1,0.0126
2023-10-27,NVDA,550.97,78572484,1377.4,25.0,0.0087
2023-10-27,GOOGL,124.77,51385042,1604.2,24.5,0.0184
2023-10-27,AMZN,205.9,78991634,2114.7,25.8,0.0158
2023-10-27,META,391.53,20496869,958.9,29.8,0.0113
2023-10-27,TSLA,295.92,41949067,966.3,24.4,0.0019
2023-10-30,AAPL,210.74,73685735,3371.8,31.6,0.0152
2023-10-30,MSFT,379.16,57200925,2831.1,28.5,0.0074
2023-10-30,NVDA,565.7,59296738,1414.3,29.4,0.0184
2023-10-30,GOOGL,128.11,40254462,1647.1,23.5,0.0098
2023-10-30,AMZN,203.92,49393679,2094.3,32.7,0.0065
2023-10-30,META,395.12,52987410,967.6,32.2,0.0176
2023-10-30,TSLA,300.04,53433276,979.7,26.8,0.0192
2023-10-31,AAPL,216.84,49125998,3469.4,35.9,0.0044
2023-10-31,MSFT,393.04,31791504,2934.7,27.4,0.0143
2023-10-31,NVDA,575.24,37085194,1438.1,33.7,0.0185
2023-10-31,GOOGL,128.05,37765505,1646.3,34.2,0.0022
2023-10-31,AMZN,202.38,58920436,2078.5,28.7,0.0026
2023-10-31,META,398.84,49970051,976.7,26.6,0.0033
2023-10-31,TSLA,288.33,46086558,941.5,34.2,0.0036
2023-11-01,AAPL,224.15,79131561,3586.4,22.0,0.005
2023-11-01,MSFT,398.32,32497880,2974.1,35.2,0.0058
2023-11-01,NVDA,567.13,59790712,1417.8,27.8,0.0093
2023-11-01,GOOGL,128.4,62211943,1650.9,18.6,0.0106
2023-11-01,AMZN,196.41,28045540,2017.2,29.9,0.0118
2023-11-01,META,395.65,37625710,968.9,27.5,0.0175
2023-11-01,TSLA,291.27,23354486,951.1,30.9,0.0183
2023-11-02,AAPL,224.01,55892056,3584.1,22.2,0.0191
2023-11-02,MSFT,407.32,78706901,3041.3,19.7,0.0032
2023-11-02,NVDA,588.13,53611875,1470.3,28.3,0.0125
2023-11-02,GOOGL,127.17,63701999,1635.1,29.1,0.0038
2023-11-02,AMZN,204.48,41811641,2100.1,22.5,0.015
2023-11-02,META,385.42,77721359,943.9,23.2,0.0092
2023-11-02,TSLA,278.15,21973092,908.2,28.7,0.0067
2023-11-03,AAPL,223.84,34201021,3581.4,20.8,0.0167
2023-11-03,MSFT,397.25,25193675,2966.1,23.4,0.0165
2023-11-03,NVDA,577.64,63783501,1444.1,36.7,0.0191
2023-11-03,GOOGL,130.76,70043210,1681.2,20.6,0.0044
2023-11-03,AMZN,210.3,47968657,2159.8,20.1,0.0104
2023-11-03,META,383.0,26693911,938.0,24.8,0.018
2023-11-03,TSLA,272.89,75573265,891.1,25.6,0.0041
2023-11-06,AAPL,225.4,22159711,3606.5,29.9,0.0119
2023-11-06,MSFT,399.84,24890143,2985.5,34.2,0.0142
2023-11-06,NVDA,573.06,47374337,1432.7,19.0,0.0152
2023-11-06,GOOGL,133.28,60895755,1713.7,26.6,0.0005
2023-11-06,AMZN,212.5,35321484,2182.4,27.8,0.015
2023-11-06,META,383.31,71041083,938.7,22.4,0.0172
2023-11-06,TSLA,274.71,78337162,897.0,25.7,0.013
2023-11-07,AAPL,227.59,28245681,3641.4,27.9,0.017
2023-11-07,MSFT,395.6,25491134,2953.8,28.2,0.0168
2023-11-07,NVDA,592.07,75325248,1480.2,30.5,0.0015
2023-11-07,GOOGL,132.15,63036515,1699.1,33.5,0.0167
2023-11-07,AMZN,216.72,43569603,2225.7,24.3,0.0003
2023-11-07,META,375.31,25435504,919.1,34.5,0.0055
2023-11-07,TSLA,269.44,53985638,879.8,14.9,0.0088
2023-11-08,AAPL,223.72,47951581,3579.6,30.5,0.0198
2023-11-08,MSFT,391.63,23386759,2924.2,20.1,0.0079
2023-11-08,NVDA,599.98,27343127,1500.0,27.4,0.0167
2023-11-08,GOOGL,132.77,27870624,1707.0,27.9,0.0123
2023-11-08,AMZN,215.4,66449497,2212.2,28.2,0.01
2023-11-08,META,376.44,41220032,921.9,29.0,0.0047
2023-11-08,TSLA,276.48,33012503,902.8,31.1,0.0108
2023-11-09,AAPL,221.47,51243808,3543.5,28.4,0.0033
2023-11-09,MSFT,395.55,41782890,2953.5,25.7,0.0068
2023-11-09,NVDA,578.14,20599742,1445.3,29.4,0.0191
2023-11-09,GOOGL,132.58,23923492,1704.6,27.4,0.0045
2023-11-09,AMZN,213.31,76978436,2190.7,23.6,0.0163
2023-11-09,META,384.3,47988424,941.1,36.4,0.0045
2023-11-09,TSLA,280.92,50829874,917.3,22.3,0.0066
2023-11-10,AAPL,217.13,59663183,3474.1,34.3,0.0177
2023-11-10,MSFT,393.35,23672960,2937.0,35.2,0.0102
2023-11-10,NVDA,579.02,27841415,1447.6,29.8,0.0116
2023-11-10,GOOGL,133.52,62204542,1716.7,31.0,0.0083
2023-11-10,AMZN,211.61,51362611,2173.3,28.9,0.0148
2023-11-10,META,387.61,58452919,949.3,30.9,0.0116
2023-11-10,TSLA,279.86,73808176,913.8,24.9,0.0053
2023-11-13,AAPL,219.19,27349217,3507.1,17.9,0.0168
2023-11-13,MSFT,383.42,32372411,2862.8,33.9,0.0085
2023-11-13,NVDA,559.76,68796350,1399.4,34.3,0.0061
2023-11-13,GOOGL,136.87,79446416,1759.8,35.6,0.0129
2023-11-13,AMZN,209.56,78208473,2152.3,27.4,0.0007
2023-11-13,META,377.51,33768029,924.5,31.8,0.011
2023-11-13,TSLA,273.72,40381053,893.8,23.6,0.008
2023-11-14,AAPL,213.56,66546181,3417.0,37.1,0.0029
2023-11-14,MSFT,389.4,78603509,2907.5,22.9,0.0007
2023-11-14,NVDA,570.86,79614443,1427.1,45.1,0.0088
2023-11-14,GOOGL,138.59,65938296,1781.9,28.5,0.0152
2023-11-14,AMZN,212.24,57269287,2179.8,35.7,0.0197
2023-11-14,META,382.72,29052229,937.3,37.3,0.0193
2023-11-14,TSLA,275.3,30454960,898.9,25.2,0.0004
2023-11-15,AAPL,210.81,79367135,3373.0,31.3,0.0015
2023-11-15,MSFT,384.19,31144841,2868.6,23.3,0.0084
2023-11-15,NVDA,551.44,59068520,1378.6,29.8,0.0034
2023-11-15,GOOGL,135.9,42812486,1747.3,25.4,0.0034
2023-11-15,AMZN,218.71,59150305,2246.2,38.8,0.004
2023-11-15,META,386.14,58934862,945.6,21.2,0.0024
2023-11-15,TSLA,273.1,36119444,891.7,23.5,0.0053
2023-11-16,AAPL,206.58,58474948,3305.3,16.5,0.0054
2023-11-16,MSFT,384.85,74656803,2873.5,29.4,0.0023
2023-11-16,NVDA,561.37,42337845,1403.4,25.8,0.0003
2023-11-16,GOOGL,139.15,59738720,1789.1,36.1,0.0172
2023-11-16,AMZN,218.08,64807848,2239.7,23.2,0.0138
2023-11-16,META,388.02,45642207,950.3,31.9,0.0084
2023-11-16,TSLA,282.24,37041502,921.6,31.7,0.0156
2023-11-17,AAPL,206.38,24851695,3302.1,35.4,0.0051
2023-11-17,MSFT,387.31,50096691,2891.9,25.6,0.0043
2023-11-17,NVDA,573.02,69690268,1432.6,30.1,0.0151
2023-11-17,GOOGL,137.98,27179601,1774.0,37.4,0.0172
2023-11-17,AMZN,221.38,43528707,2273.6,25.1,0.0034
2023-11-17,META,391.17,43538837,958.0,22.4,0.0006
2023-11-17,TSLA,279.17,45982293,911.6,30.6,0.0031
2023-11-20,AAPL,208.9,74817110,3342.4,27.6,0.0031
2023-11-20,MSFT,390.73,35714501,2917.4,31.8,0.0178
2023-11-20,NVDA,573.42,61640506,1433.5,30.8,0.0028
2023-11-20,GOOGL,136.86,61471145,1759.6,32.3,0.0042
2023-11-20,AMZN,221.99,24427950,2279.9,34.8,0.0133
2023-11-20,META,385.49,29635118,944.1,29.7,0.004
2023-11-20,TSLA,284.82,49365157,930.0,26.9,0.0127
2023-11-21,AAPL,206.98,29370779,3311.7,24.5,0.0127
2023-11-21,MSFT,393.45,37718846,2937.7,28.4,0.0086
2023-11-21,NVDA,562.0,44671988,1405.0,19.0,0.0068
2023-11-21,GOOGL,135.96,30659447,1748.1,27.1,0.0117
2023-11-21,AMZN,218.6,54431259,2245.0,22.5,0.0085
2023-11-21,META,380.47,47547948,931.8,32.0,0.0194
2023-11-21,TSLA,280.72,29929839,916.6,35.6,0.0135
2023-11-22,AAPL,207.59,78188409,3321.4,28.0,0.0061
2023-11-22,MSFT,409.45,62310629,3057.3,25.7,0.0177
2023-11-22,NVDA,576.52,26900033,1441.3,28.6,0.0189
2023-11-22,GOOGL,137.55,23128667,1768.5,24.7,0.02
2023-11-22,AMZN,215.7,46031737,2215.3,26.1,0.0037
2023-11-22,META,367.59,32310873,900.2,31.2,0.003
2023-11-22,TSLA,286.37,46138999,935.1,31.6,0.0011
2023-11-23,AAPL,207.65,69007883,3322.4,39.2,0.0115
2023-11-23,MSFT,410.24,28842744,3063.1,32.5,0.0171
2023-11-23,NVDA,581.92,47487187,1454.8,22.9,0.0093
2023-11-23,GOOGL,135.85,46588920,1746.6,31.4,0.0038
2023-11-23,AMZN,206.56,78801663,2121.4,21.3,0.0145
2023-11-23,META,376.19,27028329,921.3,35.6,0.0102
2023-11-23,TSLA,285.91,36845647,933.6,25.8,0.0007
2023-11-24,AAPL,210.01,46733548,3360.2,30.0,0.0115
2023-11-24,MSFT,410.18,56388533,3062.7,31.0,0.0107
2023-11-24,NVDA,594.87,25250636,1487.2,35.1,0.005
2023-11-24,GOOGL,132.71,31503968,1706.3,27.2,0.0192
2023-11-24,AMZN,205.55,41412283,2111.0,35.6,0.0165
2023-11-24,META,372.48,34030750,912.2,20.1,0.0032
2023-11-24,TSLA,278.86,49301917,910.6,29.5,0.0135
2023-11-27,AAPL,216.5,61317649,3464.1,28.2,0.0127
2023-11-27,MSFT,415.28,76796118,3100.7,36.2,0.0073
2023-11-27,NVDA,594.24,35956448,1485.6,22.4,0.0015
2023-11-27,GOOGL,131.27,74414065,1687.8,25.8,0.0042
2023-11-27,AMZN,202.4,28264192,2078.7,20.7,0.0079
2023-11-27,META,376.07,29037810,921.0,21.8,0.0031
2023-11-27,TSLA,280.48,64194665,915.8,35.5,0.0121
2023-11-28,AAPL,211.36,78405870,3381.8,32.3,0.0112
2023-11-28,MSFT,426.72,36701178,3186.2,29.8,0.0056
2023-11-28,NVDA,597.0,65759584,1492.5,27.8,0.0066
2023-11-28,GOOGL,133.63,60562850,1718.1,29.6,0.0125
2023-11-28,AMZN,202.04,72694060,2075.0,30.8,0.0061
2023-11-28,META,375.75,57768823,920.2,26.0,0.0012
2023-11-28,TSLA,283.4,51286527,925.4,15.9,0.0175
2023-11-29,AAPL,214.13,64097022,3426.0,28.0,0.009
2023-11-29,MSFT,432.6,33514621,3230.1,23.5,0.0003
2023-11-29,NVDA,610.16,71868190,1525.4,26.2,0.0076
2023-11-29,GOOGL,133.41,45734964,1715.3,26.7,0.003
2023-11-29,AMZN,201.18,48280104,2066.2,24.7,0.0062
2023-11-29,META,388.27,74359197,950.9,22.7,0.0074
2023-11-29,TSLA,281.23,34247685,918.3,28.9,0.0094
2023-11-30,AAPL,206.95,51972601,3311.2,25.0,0.0075
2023-11-30,MSFT,438.18,27314977,3271.7,23.5,0.0066
2023-11-30,NVDA,628.33,35500834,1570.8,33.2,0.0164
2023-11-30,GOOGL,141.04,68791133,1813.4,34.5,0.0077
2023-11-30,AMZN,203.19,38607270,2086.8,36.7,0.0126
2023-11-30,META,396.39,61362001,970.7,28.7,0.0142
2023-11-30,TSLA,272.9,56222887,891.1,28.5,0.0159
2023-12-01,AAPL,207.54,50865622,3320.7,32.0,0.0161
2023-12-01,MSFT,439.78,52942417,3283.7,33.1,0.0096
2023-12-01,NVDA,612.65,37724615,1531.6,34.9,0.0073
2023-12-01,GOOGL,137.29,37480153,1765.1,27.8,0.0068
2023-12-01,AMZN,201.97,75525107,2074.2,22.3,0.0101
2023-12-01,META,410.51,47754208,1005.3,27.3,0.0173
2023-12-01,TSLA,276.67,45622014,903.4,25.0,0.0057
2023-12-04,AAPL,207.48,45410071,3319.7,24.1,0.0164
2023-12-04,MSFT,439.67,39107246,3282.8,26.7,0.0094
2023-12-04,NVDA,627.2,35301949,1568.0,29.5,0.0092
2023-12-04,GOOGL,134.37,29327250,1727.7,18.0,0.0157
2023-12-04,AMZN,200.36,37868410,2057.7,19.5,0.0095
2023-12-04,META,413.56,58682338,1012.8,23.7,0.0087
2023-12-04,TSLA,274.88,54891383,897.6,29.5,0.0178
2023-12-05,AAPL,203.78,35676152,3260.4,21.6,0.0049
2023-12-05,MSFT,451.25,67198719,3369.3,24.8,0.0192
2023-12-05,NVDA,632.11,27100632,1580.3,28.6,0.0124
2023-12-05,GOOGL,132.36,49664237,1701.8,26.8,0.0106
2023-12-05,AMZN,200.95,61523189,2063.8,28.1,0.0153
2023-12-05,META,404.68,50921489,991.0,34.8,0.014
2023-12-05,TSLA,272.52,41144141,889.9,29.2,0.0091
2023-12-06,AAPL,200.26,49636052,3204.1,23.7,0.0164
2023-12-06,MSFT,450.18,41790860,3361.3,31.5,0.0026
2023-12-06,NVDA,622.96,34131962,1557.4,36.1,0.01
2023-12-06,GOOGL,129.39,27448523,1663.5,38.1,0.0149
2023-12-06,AMZN,199.4,51146776,2047.9,29.9,0.0024
2023-12-06,META,399.71,69017973,978.9,28.4,0.014
2023-12-06,TSLA,267.69,24541469,874.1,27.9,0.009
2023-12-07,AAPL,197.52,66642923,3160.2,28.7,0.0104
2023-12-07,MSFT,469.92,25616974,3508.7,30.1,0.004
2023-12-07,NVDA,622.57,23101083,1556.4,33.3,0.0068
2023-12-07,GOOGL,132.11,79411724,1698.5,22.3,0.0067
2023-12-07,AMZN,201.17,27359829,2066.1,30.5,0.0018
2023-12-07,META,403.41,67216120,987.9,32.4,0.0076
2023-12-07,TSLA,270.88,75701143,884.5,23.4,0.002
2023-12-08,AAPL,196.76,60320295,3148.2,25.2,0.0123
2023-12-08,MSFT,479.72,25302444,3581.9,23.6,0.0039
2023-12-08,NVDA,624.17,22686243,1560.4,28.3,0.0093
2023-12-08,GOOGL,130.5,48214583,1677.9,31.8,0.0124
2023-12-08,AMZN,195.43,44513597,2007.1,29.8,0.0123
2023-12-08,META,397.47,31149950,973.4,26.2,0.0103
2023-12-08,TSLA,269.82,64872010,881.1,28.2,0.0076
2023-12-11,AAPL,198.19,42018508,3171.1,28.2,0.0032
2023-12-11,MSFT,498.63,75130428,3723.1,26.3,0.0092
2023-12-11,NVDA,587.61,52974937,1469.0,33.1,0.0127
2023-12-11,GOOGL,130.17,44278305,1673.6,25.9,0.0068
2023-12-11,AMZN,195.27,46929405,2005.4,31.2,0.0121
2023-12-11,META,401.85,77547827,984.1,28.4,0.0021
2023-12-11,TSLA,266.22,71495114,869.3,28.7,0.0167
2023-12-12,AAPL,191.55,39884359,3064.9,25.5,0.0018
2023-12-12,MSFT,502.56,29531830,3752.4,30.5,0.0074
2023-12-12,NVDA,586.37,21504485,1465.9,29.1,0.0158
2023-12-12,GOOGL,132.19,31995561,1699.6,32.1,0.005
2023-12-12,AMZN,195.07,21287110,2003.4,21.5,0.0103
2023-12-12,META,390.07,30850982,955.3,27.2,0.0047
2023-12-12,TSLA,263.48,73797708,860.3,33.8,0.0183
2023-12-13,AAPL,191.84,27930416,3069.5,26.9,0.0177
2023-12-13,MSFT,519.9,63008392,3881.9,25.7,0.0073
2023-12-13,NVDA,604.18,38101873,1510.4,23.0,0.0191
2023-12-13,GOOGL,135.24,44948484,1738.8,28.1,0.0047
2023-12-13,AMZN,197.7,71680518,2030.4,32.3,0.006
2023-12-13,META,394.94,38122440,967.2,29.7,0.0174
2023-12-13,TSLA,266.55,46127192,870.4,30.1,0.0095
2023-12-14,AAPL,190.31,33619538,3044.9,21.7,0.0038
2023-12-14,MSFT,524.58,77781434,3916.8,27.5,0.0168
2023-12-14,NVDA,608.84,66016324,1522.1,30.8,0.016
2023-12-14,GOOGL,135.66,37865152,1744.3,22.1,0.0016
2023-12-14,AMZN,197.17,24840765,2025.0,21.5,0.0045
2023-12-14,META,406.21,39093590,994.8,24.3,0.0116
2023-12-14,TSLA,259.48,54128092,847.3,21.3,0.0038
2023-12-15,AAPL,188.92,31050321,3022.8,28.1,0.0091
2023-12-15,MSFT,527.37,36199408,3937.7,20.2,0.0073
2023-12-15,NVDA,611.45,23539162,1528.6,27.2,0.0047
2023-12-15,GOOGL,134.06,35086765,1723.6,28.1,0.0178
2023-12-15,AMZN,201.42,34175193,2068.6,25.8,0.0162
2023-12-15,META,411.14,58930328,1006.9,35.3,0.019
2023-12-15,TSLA,268.94,25979722,878.2,22.7,0.0188
2023-12-18,AAPL,184.66,42145815,2954.6,30.9,0.015
2023-12-18,MSFT,522.18,38799959,3898.9,19.4,0.0183
2023-12-18,NVDA,595.75,41966575,1489.4,30.4,0.0182
2023-12-18,GOOGL,136.23,35499407,1751.5,27.9,0.0097
2023-12-18,AMZN,201.2,77630601,2066.4,18.7,0.0121
2023-12-18,META,418.98,64133325,1026.1,22.0,0.0045
2023-12-18,TSLA,273.47,71020107,893.0,24.4,0.0174
2023-12-19,AAPL,190.41,24837901,3046.6,28.2,0.013
2023-12-19,MSFT,513.2,45744039,3831.9,23.7,0.0062
2023-12-19,NVDA,601.17,29062250,1502.9,22.6,0.0081
2023-12-19,GOOGL,141.24,77283474,1815.9,27.2,0.0025
2023-12-19,AMZN,200.74,29227581,2061.7,31.3,0.0173
2023-12-19,META,416.94,21981011,1021.1,25.2,0.0156
2023-12-19,TSLA,279.25,77721211,911.8,30.4,0.0107
2023-12-20,AAPL,200.84,74386297,3213.4,29.0,0.0129
2023-12-20,MSFT,509.66,43547493,3805.4,36.1,0.0177
2023-12-20,NVDA,619.72,33134510,1549.3,24.6,0.0099
2023-12-20,GOOGL,139.15,70124407,1789.1,29.0,0.0059
2023-12-20,AMZN,204.17,42863096,2096.9,31.8,0.0104
2023-12-20,META,420.15,50576611,1028.9,27.7,0.0066
2023-12-20,TSLA,277.75,67224617,907.0,29.9,0.0158
2023-12-21,AAPL,203.85,71346546,3261.6,22.1,0.0053
2023-12-21,MSFT,487.01,48333649,3636.3,33.0,0.0178
2023-12-21,NVDA,612.73,24231109,1531.8,28.3,0.0123
2023-12-21,GOOGL,137.85,27120616,1772.3,29.1,0.0187
2023-12-21,AMZN,205.43,44981121,2109.8,29.2,0.0189
2023-12-21,META,415.61,72409535,1017.8,35.2,0.0013
2023-12-21,TSLA,284.48,74000470,928.9,27.1,0.0094
2023-12-22,AAPL,206.89,75798803,3310.2,26.9,0.0187
2023-12-22,MSFT,494.63,32155722,3693.3,25.3,0.0104
2023-12-22,NVDA,604.89,71486290,1512.2,32.2,0.0123
2023-12-22,GOOGL,136.04,61694913,1749.1,31.2,0.0068
2023-12-22,AMZN,208.32,76676403,2139.5,26.7,0.012
2023-12-22,META,417.53,29660100,1022.5,35.2,0.0057
2023-12-22,TSLA,276.23,27624492,902.0,18.1,0.0059
2023-12-25,AAPL,206.22,68427883,3299.5,36.5,0.0197
2023-12-25,MSFT,494.88,63937165,3695.1,33.5,0.0158
2023-12-25,NVDA,598.81,21071029,1497.0,28.8,0.013
2023-12-25,GOOGL,136.48,53360077,1754.8,28.2,0.0125
2023-12-25,AMZN,208.02,76226483,2136.5,37.3,0.0182
2023-12-25,META,414.68,39676052,1015.5,26.3,0.0064
2023-12-25,TSLA,276.09,59086173,901.5,21.6,0.0054
2023-12-26,AAPL,210.99,48126685,3375.9,30.7,0.0106
2023-12-26,MSFT,503.31,25855250,3758.1,29.0,0.0012
2023-12-26,NVDA,617.34,45338267,1543.3,28.8,0.0141
2023-12-26,GOOGL,134.85,58381059,1733.8,30.2,0.0069
2023-12-26,AMZN,211.1,47553593,2168.0,35.7,0.0195
2023-12-26,META,420.42,70017503,1029.6,26.1,0.0171
2023-12-26,TSLA,265.32,58075957,866.3,28.1,0.0053
2023-12-27,AAPL,208.29,69803824,3332.6,30.1,0.019
2023-12-27,MSFT,486.07,20811754,3629.3,28.5,0.0186
2023-12-27,NVDA,615.61,37848036,1539.0,30.7,0.0158
2023-12-27,GOOGL,137.72,47768068,1770.7,27.1,0.0024
2023-12-27,AMZN,212.29,53167167,2180.3,29.3,0.0123
2023-12-27,META,421.62,64955978,1032.5,24.8,0.008
2023-12-27,TSLA,257.26,71015675,840.0,29.1,0.0129
2023-12-28,AAPL,213.85,23527667,3421.7,32.5,0.0022
2023-12-28,MSFT,481.63,23287006,3596.2,32.1,0.0011
2023-12-28,NVDA,601.7,48325181,1504.3,26.9,0.0048
2023-12-28,GOOGL,135.08,42443028,1736.7,32.8,0.0168
2023-12-28,AMZN,214.57,41126973,2203.7,34.3,0.0123
2023-12-28,META,430.9,26544093,1055.3,32.5,0.0094
2023-12-28,TSLA,263.67,46925485,861.0,32.8,0.0068
2023-12-29,AAPL,215.17,36387885,3442.6,25.7,0.0154
2023-12-29,MSFT,491.08,39011227,3666.8,18.6,0.009
2023-12-29,NVDA,601.6,74252235,1504.0,17.0,0.0062
2023-12-29,GOOGL,135.08,57082597,1736.8,27.6,0.002
2023-12-29,AMZN,215.26,62085001,2210.7,33.8,0.0077
2023-12-29,META,428.78,29389430,1050.1,28.8,0.0158
2023-12-29,TSLA,265.99,60551699,868.5,23.7,0.0052
